students_id,age,gender,Strand,GWA,Math_grade,English_grade,science_grade,History_grade,favorite_subject,extracurricular_activities,socio-economic_status,preferred_work_environment,career_interest
1,17,2,1,0.4166666666666665,0.20000000000000018,0.16000000000000014,0.16000000000000014,0.8799999999999999,3,3,2,0,2
2,17,5,1,0.2916666666666665,0.1200000000000001,0.3999999999999999,0.8399999999999999,0.8799999999999999,2,4,0,0,0
3,18,2,2,0.75,0.43999999999999995,0.3200000000000003,0.3599999999999999,0.9199999999999999,1,5,0,1,1
4,16,2,0,0.875,0.16000000000000014,0.08000000000000007,0.3599999999999999,0.48,1,1,1,2,6
5,18,5,0,0.958333333333333,0.3200000000000003,0.20000000000000018,0.52,0.20000000000000018,1,2,2,1,5
6,18,2,4,0.875,0.6400000000000001,0.8799999999999999,0.1200000000000001,0.28000000000000025,3,5,2,1,6
7,18,5,4,0.08333333333333304,0.3599999999999999,0.43999999999999995,0.56,0.43999999999999995,0,0,2,1,1
8,17,5,4,0.33333333333333304,0.2400000000000002,0.8000000000000003,0.0,0.8000000000000003,1,3,2,1,2
9,16,5,4,0.4166666666666665,0.6800000000000002,0.2400000000000002,0.8399999999999999,0.48,3,1,2,1,2
10,18,5,3,0.958333333333333,0.16000000000000014,0.8000000000000003,0.52,0.16000000000000014,1,2,0,0,4
11,19,5,3,0.08333333333333304,0.8000000000000003,0.8799999999999999,0.8399999999999999,0.7200000000000002,1,1,0,2,6
12,19,5,1,0.9166666666666661,0.8799999999999999,0.8000000000000003,0.48,0.6400000000000001,3,1,2,0,1
13,17,2,4,0.20833333333333304,0.040000000000000036,0.7200000000000002,0.28000000000000025,1.0,3,3,2,1,1
14,18,2,0,0.7916666666666665,0.1200000000000001,0.56,0.3200000000000003,0.1200000000000001,2,0,1,2,6
15,19,5,1,0.6666666666666665,0.43999999999999995,0.9199999999999999,0.20000000000000018,0.08000000000000007,1,1,0,1,6
16,19,2,3,0.9166666666666661,0.6000000000000001,0.52,0.1200000000000001,0.48,0,5,0,1,0
17,20,5,1,0.958333333333333,0.28000000000000025,0.040000000000000036,0.16000000000000014,0.48,2,2,2,1,6
18,18,2,0,0.125,0.96,0.9199999999999999,0.8000000000000003,0.8000000000000003,2,2,2,0,5
19,16,2,0,0.958333333333333,0.3999999999999999,0.52,0.28000000000000025,0.6000000000000001,1,4,2,1,1
20,18,2,0,0.75,0.96,0.16000000000000014,0.0,0.96,0,1,2,1,5
21,19,5,1,0.16666666666666652,0.52,0.6400000000000001,0.08000000000000007,0.6000000000000001,0,0,0,2,1
22,20,5,4,0.20833333333333304,0.2400000000000002,0.8799999999999999,0.96,0.43999999999999995,2,4,1,0,3
23,16,5,2,0.0,0.6800000000000002,0.20000000000000018,0.56,0.040000000000000036,0,0,0,2,1
24,18,5,3,0.4166666666666665,0.08000000000000007,0.9199999999999999,0.8399999999999999,0.0,0,4,1,0,3
25,18,5,4,0.20833333333333304,0.9199999999999999,0.6000000000000001,0.3599999999999999,0.28000000000000025,1,3,2,0,5
26,17,5,4,0.625,0.7200000000000002,1.0,0.3599999999999999,0.8799999999999999,3,2,2,1,0
27,18,2,1,0.7916666666666665,0.8799999999999999,0.8000000000000003,0.16000000000000014,0.3200000000000003,3,2,0,1,5
28,19,5,3,0.33333333333333304,0.7600000000000002,0.16000000000000014,0.3599999999999999,0.96,0,3,1,1,6
29,17,4,1,0.16666666666666652,0.48,0.48,0.2400000000000002,0.43999999999999995,0,3,0,0,6
30,18,5,1,0.833333333333333,0.96,0.3200000000000003,0.7200000000000002,0.08000000000000007,3,5,0,2,6
31,16,5,2,0.25,0.8000000000000003,0.1200000000000001,0.43999999999999995,0.08000000000000007,3,1,2,0,6
32,19,5,3,0.125,0.3599999999999999,0.6800000000000002,0.040000000000000036,0.28000000000000025,1,2,1,1,1
33,20,2,4,0.20833333333333304,0.7600000000000002,0.7600000000000002,0.48,0.28000000000000025,0,3,0,2,4
34,17,5,1,0.5,0.16000000000000014,0.6800000000000002,1.0,0.040000000000000036,2,4,0,1,2
35,19,2,4,1.0,0.08000000000000007,0.7200000000000002,0.8799999999999999,0.3200000000000003,3,5,1,0,1
36,18,2,3,0.20833333333333304,0.3599999999999999,0.0,0.56,0.7600000000000002,2,3,1,1,0
37,18,2,1,0.2916666666666665,0.48,0.040000000000000036,0.48,0.52,1,5,0,1,0
38,16,2,4,0.25,0.9199999999999999,0.8000000000000003,0.6800000000000002,0.7600000000000002,3,3,2,0,6
39,20,2,4,0.6666666666666665,0.8000000000000003,0.9199999999999999,0.7200000000000002,0.6400000000000001,2,4,1,1,0
40,18,2,4,0.5416666666666665,0.52,0.3200000000000003,0.040000000000000036,0.9199999999999999,1,0,1,1,2
41,16,2,1,0.625,0.96,0.56,0.2400000000000002,0.48,0,4,1,1,3
42,20,5,1,0.708333333333333,0.28000000000000025,0.7600000000000002,0.3599999999999999,0.3599999999999999,1,4,2,2,3
43,16,2,2,0.375,0.1200000000000001,0.43999999999999995,0.6400000000000001,0.28000000000000025,1,1,2,0,6
44,16,5,1,0.6666666666666665,0.96,0.3999999999999999,0.0,0.2400000000000002,0,3,0,1,4
45,16,2,4,0.5416666666666665,0.3999999999999999,0.6400000000000001,0.7200000000000002,0.96,2,4,1,2,2
46,18,6,1,0.20833333333333304,0.28000000000000025,0.7600000000000002,0.28000000000000025,0.28000000000000025,2,5,1,1,4
47,18,2,1,0.0,0.6000000000000001,0.9199999999999999,0.2400000000000002,0.6000000000000001,0,3,2,0,3
48,18,5,2,0.125,0.3999999999999999,0.28000000000000025,0.6400000000000001,0.7600000000000002,1,4,2,2,2
49,19,5,0,1.0,0.040000000000000036,0.3599999999999999,0.7600000000000002,0.52,1,1,1,0,5
50,16,5,2,0.75,1.0,0.6000000000000001,0.6400000000000001,0.0,0,3,1,1,3
51,20,0,0,0.25,0.96,0.16000000000000014,0.96,0.43999999999999995,2,4,2,2,4
52,16,2,2,1.0,0.9199999999999999,0.6000000000000001,0.56,0.8799999999999999,0,0,0,2,0
53,18,2,2,0.5,0.3999999999999999,0.6000000000000001,0.20000000000000018,0.2400000000000002,2,0,1,0,1
54,19,2,2,0.375,0.9199999999999999,0.3599999999999999,0.56,0.16000000000000014,0,2,2,1,0
55,19,5,0,0.708333333333333,0.48,0.1200000000000001,0.48,0.96,3,0,0,0,2
56,17,5,2,0.20833333333333304,0.6400000000000001,0.7600000000000002,0.040000000000000036,0.3599999999999999,2,4,1,1,0
57,18,2,4,0.875,0.2400000000000002,0.1200000000000001,0.2400000000000002,0.8799999999999999,1,2,2,1,4
58,20,2,2,0.7916666666666665,0.43999999999999995,0.43999999999999995,0.8799999999999999,0.56,2,0,1,1,2
59,17,5,2,0.7916666666666665,0.6400000000000001,0.52,0.3599999999999999,0.7600000000000002,2,5,1,0,3
60,17,2,0,0.5416666666666665,0.16000000000000014,0.08000000000000007,0.1200000000000001,0.6000000000000001,1,0,1,0,2
61,17,6,3,1.0,0.2400000000000002,0.3200000000000003,1.0,0.8799999999999999,1,0,0,2,3
62,18,2,3,0.20833333333333304,0.08000000000000007,0.8799999999999999,0.040000000000000036,0.43999999999999995,0,5,2,0,1
63,17,2,1,0.5416666666666665,0.56,0.16000000000000014,0.3599999999999999,0.0,0,1,0,0,0
64,20,5,0,1.0,0.43999999999999995,0.2400000000000002,0.040000000000000036,0.3999999999999999,2,1,1,0,0
65,19,5,1,1.0,0.8399999999999999,0.8799999999999999,0.040000000000000036,0.96,0,2,2,0,1
66,17,2,0,0.75,0.8399999999999999,0.0,0.52,0.2400000000000002,2,2,1,0,6
67,20,5,1,0.2916666666666665,0.8399999999999999,0.3200000000000003,0.96,0.28000000000000025,1,0,2,2,6
68,17,1,4,0.625,0.52,0.8000000000000003,0.3599999999999999,0.56,3,5,1,1,2
69,18,2,0,1.0,0.1200000000000001,0.7200000000000002,0.96,0.7200000000000002,2,3,0,0,6
70,17,5,4,0.5,0.6000000000000001,0.3200000000000003,0.8399999999999999,0.16000000000000014,0,0,1,0,1
71,17,2,4,0.125,0.7600000000000002,0.3599999999999999,0.3999999999999999,0.3599999999999999,2,1,0,2,5
72,18,2,4,0.20833333333333304,1.0,0.3200000000000003,0.43999999999999995,0.43999999999999995,1,0,0,0,0
73,17,2,0,0.2916666666666665,0.08000000000000007,0.040000000000000036,0.9199999999999999,0.7600000000000002,2,5,0,2,4
74,18,5,0,0.4166666666666665,0.1200000000000001,0.8000000000000003,1.0,0.3200000000000003,3,5,2,2,4
75,16,2,3,0.2916666666666665,0.040000000000000036,0.6800000000000002,0.28000000000000025,0.040000000000000036,3,0,1,2,1
76,20,2,0,0.583333333333333,0.9199999999999999,0.56,0.7200000000000002,0.040000000000000036,1,5,1,0,1
77,18,5,3,0.2916666666666665,0.8799999999999999,0.8799999999999999,0.1200000000000001,0.96,1,2,1,1,2
78,17,5,1,0.958333333333333,0.6800000000000002,0.9199999999999999,0.6400000000000001,0.20000000000000018,2,5,0,1,4
79,16,5,1,0.125,0.0,0.1200000000000001,0.6800000000000002,0.3999999999999999,1,2,0,0,5
80,18,2,2,0.2916666666666665,0.43999999999999995,0.3599999999999999,0.96,0.8799999999999999,0,0,0,2,2
81,18,5,2,0.45833333333333304,0.6400000000000001,0.7200000000000002,0.43999999999999995,0.0,1,5,0,0,2
82,16,5,1,0.958333333333333,0.56,0.3599999999999999,0.08000000000000007,0.0,0,4,1,2,6
83,17,2,1,0.5,0.1200000000000001,0.3999999999999999,0.43999999999999995,0.08000000000000007,3,1,0,0,1
84,20,5,3,1.0,0.8000000000000003,0.52,1.0,0.48,3,0,0,2,5
85,18,5,4,0.45833333333333304,0.16000000000000014,0.43999999999999995,0.9199999999999999,0.43999999999999995,0,4,0,2,4
86,16,2,4,0.9166666666666661,0.6800000000000002,0.52,0.08000000000000007,0.08000000000000007,3,4,0,1,1
87,16,6,3,0.5416666666666665,0.16000000000000014,0.2400000000000002,0.6400000000000001,0.43999999999999995,3,1,1,2,1
88,19,2,0,0.7916666666666665,0.8799999999999999,0.28000000000000025,0.6400000000000001,0.43999999999999995,3,3,2,0,4
89,18,5,3,0.45833333333333304,0.6800000000000002,0.48,0.3999999999999999,0.3200000000000003,2,1,0,1,6
90,19,2,3,0.08333333333333304,0.6000000000000001,0.2400000000000002,0.7600000000000002,0.8399999999999999,2,4,2,2,6
91,17,5,3,0.833333333333333,0.28000000000000025,0.6800000000000002,0.6400000000000001,0.3999999999999999,1,3,0,2,0
92,17,5,1,0.4166666666666665,0.52,0.16000000000000014,0.48,0.52,3,2,0,2,2
93,18,2,4,0.04166666666666652,0.0,0.16000000000000014,0.20000000000000018,0.8399999999999999,1,4,1,0,2
94,19,2,2,0.2916666666666665,0.6000000000000001,0.96,0.0,0.8799999999999999,0,0,0,1,2
95,18,2,2,0.125,0.9199999999999999,0.08000000000000007,0.2400000000000002,0.6000000000000001,0,4,1,0,1
96,17,5,2,0.04166666666666652,0.7600000000000002,0.3999999999999999,0.28000000000000025,0.7200000000000002,1,2,2,0,0
97,20,5,3,0.04166666666666652,0.96,0.7600000000000002,0.3200000000000003,0.1200000000000001,0,1,0,0,4
98,17,2,4,0.33333333333333304,0.48,0.1200000000000001,0.8399999999999999,0.0,1,1,0,1,4
99,19,5,1,0.16666666666666652,0.8000000000000003,0.1200000000000001,0.56,0.28000000000000025,0,1,0,1,6
100,19,5,4,0.20833333333333304,0.8399999999999999,0.9199999999999999,0.7600000000000002,0.6400000000000001,3,4,1,1,3
101,18,5,0,0.6666666666666665,0.48,0.9199999999999999,0.7200000000000002,0.0,3,5,2,1,0
102,16,5,2,0.75,0.7600000000000002,0.7200000000000002,0.3999999999999999,0.3999999999999999,2,1,1,2,4
103,18,2,2,0.375,0.2400000000000002,0.43999999999999995,0.28000000000000025,0.43999999999999995,0,2,0,2,4
104,18,2,2,0.5416666666666665,0.16000000000000014,0.6800000000000002,0.20000000000000018,0.0,3,3,2,1,1
105,16,5,3,0.875,0.96,0.08000000000000007,0.48,0.52,3,2,2,1,1
106,17,5,1,0.33333333333333304,0.8799999999999999,0.8000000000000003,0.6000000000000001,0.7600000000000002,3,3,2,0,3
107,20,5,0,0.08333333333333304,0.0,0.3999999999999999,0.7200000000000002,0.7200000000000002,3,1,1,0,1
108,17,2,3,0.9166666666666661,0.08000000000000007,0.3599999999999999,0.20000000000000018,0.8399999999999999,1,5,2,2,4
109,19,5,4,0.125,0.7200000000000002,0.9199999999999999,0.6000000000000001,0.8799999999999999,0,3,0,1,4
110,20,5,2,0.625,0.1200000000000001,0.3599999999999999,0.3599999999999999,0.3599999999999999,1,2,0,2,6
111,19,2,2,0.9166666666666661,0.8799999999999999,0.0,0.16000000000000014,0.96,3,1,2,2,4
112,20,5,1,0.2916666666666665,0.7600000000000002,1.0,0.6000000000000001,0.2400000000000002,2,0,0,1,3
113,18,5,1,0.125,0.8799999999999999,0.52,0.7600000000000002,0.8799999999999999,3,2,0,2,5
114,20,5,4,0.833333333333333,0.7200000000000002,0.8000000000000003,0.1200000000000001,0.52,0,5,1,2,5
115,20,2,0,0.4166666666666665,0.7200000000000002,0.3999999999999999,0.48,0.8399999999999999,2,5,2,2,2
116,20,2,4,0.7916666666666665,0.56,1.0,0.7600000000000002,0.7200000000000002,3,4,0,1,2
117,18,2,0,0.375,0.6400000000000001,0.7200000000000002,0.56,0.9199999999999999,2,3,1,2,3
118,16,5,4,0.375,0.8000000000000003,0.9199999999999999,1.0,0.0,1,4,0,0,0
119,20,5,1,0.708333333333333,1.0,0.3599999999999999,0.8799999999999999,0.52,1,3,0,2,4
120,16,5,0,0.583333333333333,0.6400000000000001,0.6800000000000002,0.8799999999999999,0.9199999999999999,3,5,0,0,0
121,16,5,4,0.625,0.96,0.6800000000000002,0.28000000000000025,0.0,0,1,2,1,5
122,16,5,0,0.625,0.08000000000000007,0.8799999999999999,0.8000000000000003,0.0,2,4,2,0,5
123,19,2,3,0.33333333333333304,0.96,0.96,0.56,0.1200000000000001,0,5,2,0,5
124,16,2,2,0.20833333333333304,0.96,0.43999999999999995,0.08000000000000007,0.3999999999999999,3,1,1,0,6
125,17,7,3,0.16666666666666652,0.8399999999999999,0.9199999999999999,0.2400000000000002,0.3200000000000003,2,2,2,0,6
126,16,2,3,0.708333333333333,0.2400000000000002,1.0,0.8000000000000003,0.7200000000000002,2,4,0,1,3
127,18,5,3,0.08333333333333304,0.9199999999999999,0.8799999999999999,0.9199999999999999,0.56,2,5,2,0,1
128,17,2,2,0.375,0.48,0.20000000000000018,0.6000000000000001,0.52,1,2,1,2,3
129,16,5,3,0.45833333333333304,0.2400000000000002,0.040000000000000036,0.040000000000000036,0.08000000000000007,3,4,1,1,4
130,18,5,1,0.04166666666666652,0.0,0.43999999999999995,0.08000000000000007,0.6800000000000002,2,5,0,2,1
131,16,2,1,0.6666666666666665,0.52,0.8799999999999999,0.43999999999999995,0.3200000000000003,0,5,2,1,4
132,18,2,1,0.958333333333333,0.3200000000000003,0.48,0.52,0.96,0,4,1,0,6
133,16,5,4,0.08333333333333304,0.6000000000000001,0.48,0.48,0.48,1,4,0,0,6
134,18,2,2,0.875,0.52,0.040000000000000036,0.2400000000000002,0.08000000000000007,3,3,2,1,5
135,19,5,4,0.75,0.96,0.6400000000000001,0.8399999999999999,0.28000000000000025,3,3,1,2,4
136,20,4,0,0.75,0.28000000000000025,0.6000000000000001,0.16000000000000014,0.16000000000000014,0,1,1,1,2
137,20,5,3,0.25,0.8399999999999999,0.9199999999999999,0.20000000000000018,0.48,3,0,1,2,4
138,17,2,0,0.16666666666666652,0.6800000000000002,0.040000000000000036,0.7200000000000002,0.6800000000000002,2,0,2,0,3
139,18,2,4,0.16666666666666652,0.08000000000000007,0.96,0.52,0.9199999999999999,2,1,1,0,2
140,19,5,3,0.25,1.0,0.3599999999999999,0.56,0.7200000000000002,1,1,0,1,5
141,20,5,0,0.833333333333333,0.2400000000000002,0.1200000000000001,0.3200000000000003,0.48,2,5,2,1,4
142,17,2,3,0.33333333333333304,1.0,0.3999999999999999,0.16000000000000014,0.6400000000000001,2,3,2,1,2
143,19,5,2,0.9166666666666661,0.1200000000000001,0.6400000000000001,0.56,0.48,3,1,1,1,5
144,16,2,2,0.9166666666666661,0.8000000000000003,0.52,0.7200000000000002,0.7600000000000002,2,3,1,2,4
145,19,5,0,0.45833333333333304,0.3200000000000003,0.1200000000000001,0.3200000000000003,0.040000000000000036,0,3,2,0,2
146,20,2,4,0.2916666666666665,0.43999999999999995,0.8799999999999999,0.96,0.8399999999999999,2,0,2,2,4
147,16,5,3,0.875,0.16000000000000014,1.0,0.2400000000000002,0.9199999999999999,0,4,0,1,3
148,17,5,3,0.625,0.6800000000000002,0.7200000000000002,0.0,0.6000000000000001,1,0,0,1,3
149,16,2,3,0.125,0.48,1.0,0.2400000000000002,0.3599999999999999,1,4,1,0,1
150,20,5,4,0.833333333333333,0.08000000000000007,0.7600000000000002,0.52,0.1200000000000001,3,2,0,1,0
151,18,5,3,0.625,0.52,0.8799999999999999,0.6800000000000002,0.3200000000000003,1,0,2,2,3
152,20,2,4,0.45833333333333304,0.28000000000000025,0.040000000000000036,0.1200000000000001,0.96,2,0,2,1,5
153,17,2,1,0.7916666666666665,0.3200000000000003,0.56,0.6000000000000001,0.43999999999999995,2,1,2,1,0
154,19,2,0,0.75,0.28000000000000025,0.9199999999999999,0.6400000000000001,0.48,1,2,1,2,6
155,17,5,2,1.0,0.0,1.0,0.1200000000000001,0.56,1,4,2,2,3
156,20,5,3,0.7916666666666665,0.56,0.20000000000000018,0.0,0.9199999999999999,2,5,0,2,5
157,16,2,4,0.375,0.52,0.9199999999999999,0.16000000000000014,0.9199999999999999,3,4,2,2,2
158,17,5,4,0.583333333333333,0.28000000000000025,1.0,1.0,0.3999999999999999,0,3,1,2,0
159,19,2,1,0.5,0.20000000000000018,0.7200000000000002,0.48,0.56,0,3,0,0,4
160,20,2,2,0.583333333333333,0.2400000000000002,0.52,0.6400000000000001,0.08000000000000007,1,5,0,2,2
161,18,5,4,0.2916666666666665,0.3599999999999999,0.48,0.6400000000000001,0.2400000000000002,1,5,1,1,6
162,19,2,1,0.04166666666666652,0.8799999999999999,0.1200000000000001,0.0,0.040000000000000036,2,2,1,2,3
163,17,2,1,0.75,0.6400000000000001,0.6800000000000002,0.96,0.6000000000000001,3,0,2,2,0
164,16,2,1,1.0,0.56,0.3999999999999999,0.6400000000000001,0.43999999999999995,2,1,2,0,5
165,18,5,0,0.16666666666666652,0.56,0.6000000000000001,0.040000000000000036,0.43999999999999995,0,4,2,2,5
166,17,2,1,0.45833333333333304,0.96,0.20000000000000018,0.20000000000000018,0.48,3,5,1,2,6
167,16,2,3,0.375,0.8399999999999999,0.6800000000000002,0.7600000000000002,0.1200000000000001,0,4,0,0,6
168,19,2,4,0.04166666666666652,0.6800000000000002,0.9199999999999999,0.3999999999999999,0.040000000000000036,3,1,0,0,0
169,16,2,3,0.833333333333333,0.56,0.6000000000000001,0.96,0.20000000000000018,2,3,2,2,3
170,18,5,1,0.0,0.16000000000000014,0.6000000000000001,0.48,1.0,3,1,1,0,3
171,20,5,4,0.45833333333333304,0.56,0.28000000000000025,0.6400000000000001,0.8000000000000003,2,3,0,2,0
172,18,2,3,0.2916666666666665,0.3200000000000003,0.52,0.6000000000000001,0.7600000000000002,0,1,2,1,5
173,16,2,2,0.6666666666666665,0.3999999999999999,0.6400000000000001,0.6800000000000002,0.08000000000000007,2,2,2,0,1
174,18,5,0,0.0,0.8399999999999999,0.6000000000000001,1.0,0.52,0,2,0,1,2
175,16,2,4,0.75,0.08000000000000007,0.7200000000000002,0.2400000000000002,0.16000000000000014,1,2,2,1,3
176,17,2,0,0.75,0.040000000000000036,0.96,0.52,0.3999999999999999,3,3,2,2,0
177,18,2,1,0.04166666666666652,0.20000000000000018,0.3599999999999999,0.3599999999999999,0.3599999999999999,2,5,1,0,3
178,18,5,2,0.625,0.16000000000000014,0.43999999999999995,0.7600000000000002,0.56,1,5,2,2,1
179,19,2,1,0.20833333333333304,0.48,1.0,0.52,0.3599999999999999,3,1,1,0,3
180,19,2,0,0.6666666666666665,0.1200000000000001,0.8399999999999999,0.16000000000000014,0.16000000000000014,0,1,0,0,3
181,20,6,0,0.04166666666666652,0.28000000000000025,0.43999999999999995,0.48,0.8399999999999999,0,1,2,0,2
182,16,5,3,0.45833333333333304,0.3599999999999999,0.0,0.1200000000000001,0.56,0,3,2,2,4
183,17,2,2,0.375,0.43999999999999995,0.8399999999999999,0.16000000000000014,0.7200000000000002,2,3,1,2,3
184,20,5,4,0.20833333333333304,0.3999999999999999,0.7200000000000002,0.48,0.3200000000000003,0,1,2,1,3
185,20,5,2,0.45833333333333304,0.040000000000000036,0.3200000000000003,0.52,0.28000000000000025,1,3,2,1,3
186,18,2,0,0.125,0.040000000000000036,0.52,0.08000000000000007,0.2400000000000002,2,4,0,2,0
187,16,2,0,0.33333333333333304,0.6400000000000001,0.3599999999999999,0.48,0.8799999999999999,3,1,2,2,4
188,18,5,4,0.375,0.0,0.20000000000000018,0.08000000000000007,0.6800000000000002,0,5,1,1,3
189,18,2,3,0.833333333333333,0.8399999999999999,1.0,0.0,0.3599999999999999,1,5,0,1,6
190,18,2,3,0.20833333333333304,0.56,0.48,0.8000000000000003,0.2400000000000002,3,0,1,1,0
191,19,0,2,0.25,0.48,0.43999999999999995,0.20000000000000018,0.16000000000000014,2,0,0,0,2
192,17,2,0,0.125,0.0,0.6400000000000001,0.3200000000000003,0.8799999999999999,3,3,1,1,4
193,19,5,0,0.708333333333333,0.3599999999999999,0.1200000000000001,0.8399999999999999,0.8000000000000003,3,4,0,1,4
194,19,5,3,0.5,0.8399999999999999,0.3200000000000003,0.3200000000000003,0.9199999999999999,0,1,1,0,4
195,19,5,0,0.75,0.20000000000000018,0.1200000000000001,0.96,0.20000000000000018,2,5,0,2,3
196,18,5,3,0.25,0.96,0.8000000000000003,0.43999999999999995,0.20000000000000018,1,4,2,2,1
197,20,2,1,0.375,0.3599999999999999,0.16000000000000014,0.20000000000000018,0.20000000000000018,1,4,2,2,1
198,20,2,3,0.583333333333333,0.3200000000000003,0.0,0.7600000000000002,0.16000000000000014,1,2,2,1,4
199,17,5,3,0.5,0.3200000000000003,0.6800000000000002,0.7200000000000002,0.48,1,3,0,0,1
200,20,5,1,0.2916666666666665,0.0,0.48,0.96,0.96,3,1,0,2,1
201,17,1,4,0.375,0.20000000000000018,0.6400000000000001,0.20000000000000018,0.8399999999999999,2,0,2,1,4
202,18,2,4,0.625,0.6000000000000001,0.6400000000000001,0.43999999999999995,0.9199999999999999,3,4,1,2,1
203,20,2,4,0.375,0.56,0.08000000000000007,0.8000000000000003,0.3999999999999999,1,2,2,2,5
204,19,5,3,0.833333333333333,0.43999999999999995,0.43999999999999995,0.28000000000000025,0.6400000000000001,0,1,1,1,2
205,20,2,4,0.20833333333333304,0.3200000000000003,0.0,0.3200000000000003,0.48,0,3,0,0,3
206,16,5,2,0.7916666666666665,0.3200000000000003,0.9199999999999999,0.7600000000000002,0.7600000000000002,1,0,2,1,0
207,18,3,3,0.958333333333333,0.48,0.0,0.52,0.6000000000000001,2,0,1,2,2
208,20,2,2,0.6666666666666665,0.8000000000000003,0.96,0.0,0.56,2,5,0,1,3
209,16,1,3,0.875,0.0,0.9199999999999999,0.1200000000000001,0.08000000000000007,3,4,0,1,0
210,16,5,0,0.0,1.0,0.20000000000000018,0.6800000000000002,0.7600000000000002,3,2,1,2,4
211,17,2,0,0.16666666666666652,0.6800000000000002,0.8799999999999999,0.52,0.8000000000000003,2,3,0,0,5
212,16,5,1,0.04166666666666652,0.28000000000000025,0.3200000000000003,0.20000000000000018,1.0,1,4,1,1,1
213,17,2,1,1.0,0.48,0.3999999999999999,0.6800000000000002,0.52,0,1,2,1,0
214,16,5,2,0.08333333333333304,0.8799999999999999,0.56,0.1200000000000001,0.6800000000000002,3,2,1,0,5
215,16,5,2,1.0,0.96,0.16000000000000014,0.6800000000000002,0.43999999999999995,2,3,1,2,6
216,17,5,4,0.833333333333333,0.7600000000000002,0.6400000000000001,0.8399999999999999,0.8000000000000003,2,2,1,0,3
217,18,2,1,0.2916666666666665,0.96,0.8000000000000003,0.8399999999999999,0.3999999999999999,0,3,1,0,2
218,18,4,0,0.708333333333333,0.7600000000000002,0.20000000000000018,0.3599999999999999,0.8000000000000003,1,3,2,2,1
219,19,5,1,0.625,0.08000000000000007,0.6400000000000001,1.0,0.20000000000000018,1,3,1,2,5
220,19,2,4,0.625,0.8399999999999999,0.28000000000000025,0.96,0.7600000000000002,1,0,0,0,4
221,18,2,0,0.75,0.9199999999999999,0.1200000000000001,0.52,0.28000000000000025,3,4,0,2,0
222,18,2,4,0.08333333333333304,0.3999999999999999,0.8399999999999999,0.16000000000000014,0.20000000000000018,2,2,2,0,3
223,17,2,1,0.5416666666666665,0.20000000000000018,0.96,0.8799999999999999,0.3200000000000003,0,5,0,1,0
224,16,2,1,0.0,0.6400000000000001,0.08000000000000007,0.52,0.8000000000000003,2,4,2,1,5
225,17,2,0,0.7916666666666665,0.16000000000000014,0.1200000000000001,0.6800000000000002,0.3599999999999999,0,0,0,0,6
226,20,2,3,0.0,0.3200000000000003,0.040000000000000036,0.08000000000000007,0.16000000000000014,2,4,0,2,1
227,17,2,3,0.875,0.7600000000000002,0.3200000000000003,0.28000000000000025,1.0,0,0,2,2,3
228,17,2,2,0.25,0.2400000000000002,0.8799999999999999,0.2400000000000002,0.0,0,5,0,1,6
229,16,2,0,0.75,0.040000000000000036,0.3599999999999999,0.8399999999999999,0.43999999999999995,1,2,1,2,4
230,20,5,3,0.08333333333333304,0.7200000000000002,0.16000000000000014,0.6400000000000001,0.3999999999999999,1,5,1,0,0
231,20,2,2,0.75,1.0,0.28000000000000025,0.6400000000000001,0.20000000000000018,0,4,1,1,1
232,20,5,0,0.6666666666666665,0.28000000000000025,0.0,0.48,1.0,2,2,2,1,6
233,18,5,3,0.0,0.56,0.6400000000000001,0.9199999999999999,0.43999999999999995,0,3,1,1,3
234,20,5,4,0.75,0.52,0.6000000000000001,0.9199999999999999,0.16000000000000014,0,3,0,0,2
235,16,5,2,0.708333333333333,0.8399999999999999,0.96,0.8000000000000003,0.1200000000000001,2,0,0,2,5
236,19,2,0,0.20833333333333304,1.0,0.3599999999999999,0.08000000000000007,0.56,3,3,1,2,4
237,16,6,4,0.625,0.040000000000000036,0.3599999999999999,0.28000000000000025,0.96,2,1,2,1,5
238,16,2,0,0.708333333333333,0.1200000000000001,0.96,0.040000000000000036,0.6000000000000001,3,2,1,2,5
239,17,7,4,0.5416666666666665,0.20000000000000018,0.16000000000000014,1.0,0.7600000000000002,1,3,1,2,4
240,20,5,2,0.9166666666666661,0.08000000000000007,1.0,0.8000000000000003,0.52,0,3,2,1,4
241,18,2,0,0.4166666666666665,0.96,0.2400000000000002,0.9199999999999999,0.08000000000000007,1,1,1,0,4
242,20,5,1,0.75,0.48,0.28000000000000025,0.52,0.2400000000000002,2,2,1,1,6
243,16,2,0,0.5416666666666665,0.8399999999999999,0.48,0.7600000000000002,0.0,1,1,0,2,3
244,18,2,4,0.7916666666666665,0.16000000000000014,0.6400000000000001,0.43999999999999995,0.8799999999999999,1,1,1,2,1
245,16,2,1,0.33333333333333304,0.8799999999999999,0.52,0.7600000000000002,0.43999999999999995,2,0,1,0,5
246,17,2,0,0.25,0.48,0.8799999999999999,0.8399999999999999,0.7600000000000002,2,0,2,2,5
247,19,2,2,1.0,0.3999999999999999,0.3200000000000003,0.20000000000000018,0.1200000000000001,1,0,0,1,2
248,20,5,0,0.9166666666666661,0.2400000000000002,0.48,0.52,0.7200000000000002,0,5,1,0,4
249,20,5,4,0.5416666666666665,0.8000000000000003,0.43999999999999995,0.1200000000000001,0.3599999999999999,3,1,1,2,2
250,16,2,0,0.875,0.96,0.43999999999999995,0.2400000000000002,1.0,1,0,1,2,4
251,19,2,1,0.583333333333333,0.3200000000000003,0.96,0.3999999999999999,0.0,3,4,0,2,3
252,16,5,4,0.5,0.8799999999999999,0.6000000000000001,0.9199999999999999,0.1200000000000001,3,1,1,0,5
253,19,2,1,0.583333333333333,0.3999999999999999,0.20000000000000018,0.8000000000000003,0.3599999999999999,3,5,1,1,2
254,17,2,1,0.2916666666666665,0.7200000000000002,0.28000000000000025,0.1200000000000001,0.9199999999999999,2,2,2,0,6
255,19,4,1,0.9166666666666661,0.8000000000000003,0.52,0.6400000000000001,0.9199999999999999,0,4,1,1,4
256,17,2,1,0.25,0.3999999999999999,0.6000000000000001,0.6000000000000001,0.8399999999999999,1,2,2,1,4
257,20,0,0,0.583333333333333,0.3200000000000003,0.16000000000000014,0.6400000000000001,0.6400000000000001,0,2,2,2,1
258,18,5,3,0.25,0.6800000000000002,0.3999999999999999,0.52,0.43999999999999995,0,2,1,1,3
259,17,5,3,0.583333333333333,0.7600000000000002,0.8000000000000003,0.43999999999999995,1.0,1,1,2,1,3
260,16,2,0,0.875,0.0,0.20000000000000018,0.56,0.9199999999999999,1,1,2,2,4
261,20,2,0,0.5,0.0,0.8000000000000003,0.3599999999999999,0.3599999999999999,3,0,1,1,4
262,17,5,4,0.16666666666666652,0.28000000000000025,0.96,0.6800000000000002,0.48,1,1,1,1,2
263,19,2,0,1.0,0.7200000000000002,0.28000000000000025,0.6000000000000001,0.52,1,3,1,1,6
264,19,5,2,0.16666666666666652,0.3599999999999999,1.0,0.48,0.08000000000000007,3,5,1,1,0
265,16,0,3,0.20833333333333304,0.9199999999999999,0.43999999999999995,0.2400000000000002,0.6000000000000001,3,0,0,1,6
266,18,5,3,0.2916666666666665,0.43999999999999995,0.3200000000000003,0.20000000000000018,0.8000000000000003,3,0,2,0,5
267,19,2,3,0.583333333333333,0.16000000000000014,0.3999999999999999,0.7600000000000002,0.8799999999999999,2,0,2,2,5
268,17,4,0,0.5,0.52,0.1200000000000001,0.7200000000000002,0.28000000000000025,3,5,0,0,2
269,20,5,3,0.583333333333333,0.040000000000000036,0.2400000000000002,0.1200000000000001,0.0,3,3,0,0,3
270,20,1,3,0.875,0.8799999999999999,0.9199999999999999,0.7200000000000002,0.8399999999999999,0,4,2,0,3
271,18,2,3,0.75,0.8399999999999999,0.20000000000000018,0.040000000000000036,0.20000000000000018,2,3,2,2,1
272,18,2,3,0.75,0.0,0.8799999999999999,0.96,0.3599999999999999,1,2,1,0,6
273,18,5,1,0.625,0.8000000000000003,0.52,0.3200000000000003,0.96,0,4,0,2,2
274,17,5,3,0.20833333333333304,0.6800000000000002,0.56,0.28000000000000025,0.52,1,3,2,1,5
275,20,5,0,0.5416666666666665,0.3200000000000003,0.7600000000000002,0.8000000000000003,0.52,0,3,1,0,6
276,20,2,4,0.4166666666666665,0.28000000000000025,0.56,0.7600000000000002,0.48,0,1,0,0,2
277,18,4,0,0.5,0.96,0.8000000000000003,0.52,0.28000000000000025,2,0,1,2,1
278,16,5,1,0.45833333333333304,0.040000000000000036,0.56,0.6000000000000001,0.48,3,1,0,1,5
279,16,2,4,1.0,0.28000000000000025,0.3999999999999999,0.1200000000000001,0.20000000000000018,2,1,1,0,6
280,16,2,4,0.45833333333333304,0.6000000000000001,0.56,0.08000000000000007,0.48,3,0,2,2,0
281,20,5,0,0.5,0.28000000000000025,0.56,0.8000000000000003,0.16000000000000014,0,4,0,1,4
282,20,2,2,0.6666666666666665,0.2400000000000002,0.16000000000000014,0.040000000000000036,0.8000000000000003,2,3,2,1,2
283,16,2,3,0.5416666666666665,0.28000000000000025,0.96,0.040000000000000036,0.7200000000000002,3,2,0,2,3
284,17,5,1,0.708333333333333,0.3599999999999999,0.48,0.040000000000000036,0.56,3,1,0,0,6
285,17,2,1,0.75,0.16000000000000014,0.8799999999999999,1.0,0.52,3,2,1,1,1
286,20,2,4,0.4166666666666665,0.8799999999999999,0.28000000000000025,0.6400000000000001,0.08000000000000007,3,5,0,1,6
287,18,2,0,0.04166666666666652,1.0,0.56,0.8000000000000003,0.6800000000000002,2,4,2,2,3
288,18,2,3,0.2916666666666665,0.28000000000000025,0.48,1.0,0.08000000000000007,2,0,2,2,4
289,16,2,0,0.583333333333333,0.8399999999999999,0.8799999999999999,0.3599999999999999,0.96,3,4,0,0,4
290,20,5,0,0.625,0.8000000000000003,0.9199999999999999,0.16000000000000014,0.20000000000000018,3,2,1,0,0
291,16,2,2,0.583333333333333,0.52,0.6800000000000002,0.6800000000000002,0.7600000000000002,0,4,0,0,6
292,19,5,3,0.7916666666666665,1.0,0.1200000000000001,0.6400000000000001,0.43999999999999995,1,2,0,2,5
293,17,5,4,0.04166666666666652,0.48,0.3999999999999999,0.8799999999999999,0.1200000000000001,1,2,2,2,0
294,20,2,0,0.708333333333333,0.56,0.8399999999999999,0.8399999999999999,0.3999999999999999,0,0,1,1,2
295,19,2,1,0.958333333333333,0.1200000000000001,0.1200000000000001,0.7200000000000002,0.6800000000000002,2,1,0,0,0
296,19,2,4,0.08333333333333304,0.8799999999999999,0.48,0.6800000000000002,0.8799999999999999,3,2,0,2,2
297,20,2,0,0.875,0.20000000000000018,0.56,0.3200000000000003,0.20000000000000018,1,2,2,0,4
298,19,5,4,0.6666666666666665,1.0,0.20000000000000018,0.6800000000000002,0.2400000000000002,3,5,0,0,1
299,17,3,2,0.2916666666666665,0.52,0.3599999999999999,0.8799999999999999,0.7200000000000002,2,2,1,2,0
300,16,5,3,0.0,0.3599999999999999,0.56,0.3200000000000003,0.1200000000000001,0,2,1,1,3
301,18,5,0,0.7916666666666665,0.52,0.48,0.96,0.6400000000000001,2,4,2,2,4
302,19,1,3,0.833333333333333,0.8000000000000003,0.0,0.040000000000000036,0.8000000000000003,1,4,1,1,1
303,19,5,2,0.4166666666666665,0.8799999999999999,0.8000000000000003,0.7200000000000002,1.0,3,0,2,2,6
304,20,2,3,0.16666666666666652,0.040000000000000036,0.7600000000000002,0.9199999999999999,0.3599999999999999,1,4,0,2,2
305,20,2,4,0.04166666666666652,0.56,0.7600000000000002,0.16000000000000014,0.16000000000000014,0,5,2,0,3
306,19,5,0,0.833333333333333,0.96,0.20000000000000018,0.96,1.0,1,5,1,2,5
307,18,5,1,0.4166666666666665,0.3200000000000003,0.28000000000000025,0.48,0.43999999999999995,1,0,0,2,1
308,18,5,4,0.5,0.3999999999999999,0.3200000000000003,0.16000000000000014,0.9199999999999999,0,0,0,1,4
309,18,5,0,0.5,0.040000000000000036,0.9199999999999999,0.9199999999999999,0.8000000000000003,3,4,0,1,2
310,18,5,2,1.0,0.3599999999999999,0.28000000000000025,0.6400000000000001,0.6000000000000001,2,5,2,0,4
311,19,2,1,0.9166666666666661,0.96,0.1200000000000001,0.6400000000000001,0.8399999999999999,2,1,2,0,4
312,18,1,0,0.7916666666666665,0.8799999999999999,0.8799999999999999,0.3200000000000003,0.48,3,2,0,1,3
313,17,5,0,1.0,0.3999999999999999,0.6400000000000001,0.040000000000000036,0.20000000000000018,3,0,2,0,2
314,18,0,0,0.0,0.3200000000000003,0.8799999999999999,0.1200000000000001,0.8399999999999999,1,1,1,1,0
315,17,5,3,0.7916666666666665,0.43999999999999995,0.9199999999999999,0.16000000000000014,1.0,0,0,2,2,3
316,19,5,3,0.583333333333333,0.43999999999999995,0.8000000000000003,0.7600000000000002,1.0,3,0,2,0,6
317,19,2,1,0.45833333333333304,0.96,0.8000000000000003,0.3599999999999999,0.8000000000000003,1,1,1,2,1
318,17,2,0,0.9166666666666661,0.7200000000000002,0.08000000000000007,0.3200000000000003,0.3200000000000003,2,0,0,0,6
319,19,5,4,0.08333333333333304,0.3599999999999999,0.8399999999999999,0.6000000000000001,0.8000000000000003,2,2,1,0,4
320,17,5,2,0.583333333333333,0.8799999999999999,0.48,0.6400000000000001,0.7200000000000002,3,3,0,2,1
321,19,2,1,0.958333333333333,0.6400000000000001,0.16000000000000014,0.52,0.3999999999999999,1,1,2,1,3
322,16,5,1,0.5416666666666665,0.3200000000000003,0.28000000000000025,0.28000000000000025,0.3200000000000003,1,3,0,2,6
323,18,5,0,0.04166666666666652,1.0,0.9199999999999999,0.3999999999999999,0.48,3,2,2,0,2
324,16,5,2,0.75,0.3599999999999999,0.9199999999999999,0.9199999999999999,1.0,0,3,2,1,0
325,17,5,1,0.0,0.52,0.16000000000000014,0.2400000000000002,0.3200000000000003,2,1,2,1,1
326,16,2,0,0.833333333333333,0.7600000000000002,0.3200000000000003,0.56,1.0,3,5,2,0,1
327,19,2,1,0.5,0.96,0.7200000000000002,0.96,0.7600000000000002,1,4,2,2,6
328,18,2,3,0.25,0.6400000000000001,0.7600000000000002,0.3999999999999999,0.48,2,3,0,1,3
329,20,2,0,0.583333333333333,0.3200000000000003,0.0,0.43999999999999995,0.7200000000000002,2,0,2,2,3
330,20,5,0,0.16666666666666652,0.20000000000000018,0.6400000000000001,0.040000000000000036,0.9199999999999999,0,4,2,1,1
331,18,5,2,0.375,0.6800000000000002,0.08000000000000007,0.040000000000000036,0.3200000000000003,1,3,0,0,4
332,19,2,3,0.2916666666666665,0.08000000000000007,0.1200000000000001,0.2400000000000002,0.3599999999999999,1,3,0,1,6
333,20,2,3,0.20833333333333304,0.56,0.0,0.7200000000000002,0.16000000000000014,0,2,1,2,0
334,16,5,2,0.875,0.040000000000000036,0.3999999999999999,0.040000000000000036,0.56,2,1,0,0,5
335,17,5,4,0.20833333333333304,0.3599999999999999,0.1200000000000001,0.3999999999999999,0.7600000000000002,1,2,0,2,2
336,19,5,2,0.33333333333333304,0.56,0.2400000000000002,0.20000000000000018,0.8799999999999999,3,1,0,0,3
337,17,5,4,0.16666666666666652,0.0,0.28000000000000025,0.6400000000000001,0.96,3,4,1,2,4
338,16,5,0,0.958333333333333,0.16000000000000014,0.3200000000000003,0.16000000000000014,0.20000000000000018,2,1,0,0,1
339,18,5,4,0.75,0.3599999999999999,0.6800000000000002,0.56,0.6400000000000001,0,4,2,2,0
340,19,2,1,0.708333333333333,0.96,0.7200000000000002,0.56,0.52,2,1,0,2,5
341,16,2,3,0.5416666666666665,0.8399999999999999,0.28000000000000025,0.43999999999999995,0.2400000000000002,0,5,2,2,5
342,17,4,4,0.625,0.43999999999999995,0.56,0.0,0.3999999999999999,1,4,0,0,6
343,17,2,4,0.25,0.3200000000000003,0.8799999999999999,0.9199999999999999,0.20000000000000018,3,2,0,0,5
344,16,2,0,0.625,1.0,0.8000000000000003,1.0,0.8799999999999999,0,5,2,2,1
345,20,5,4,0.25,0.56,0.56,0.8399999999999999,0.52,1,5,0,0,5
346,18,2,0,0.6666666666666665,0.3200000000000003,0.9199999999999999,0.8799999999999999,0.6000000000000001,1,4,1,0,1
347,17,5,4,0.25,0.9199999999999999,0.6000000000000001,0.6800000000000002,0.6400000000000001,0,2,0,2,0
348,17,2,4,0.625,0.7600000000000002,0.08000000000000007,0.8399999999999999,0.0,0,0,1,0,0
349,18,2,4,0.5,0.1200000000000001,0.16000000000000014,0.1200000000000001,0.1200000000000001,2,1,2,2,1
350,18,5,3,0.9166666666666661,0.9199999999999999,0.7600000000000002,0.3599999999999999,0.96,1,3,0,0,4
351,16,2,2,0.875,0.8799999999999999,0.8799999999999999,0.52,0.96,3,5,2,1,3
352,17,5,1,0.958333333333333,0.6000000000000001,0.48,0.9199999999999999,0.2400000000000002,3,4,0,1,1
353,19,5,0,0.375,0.3999999999999999,0.3999999999999999,0.6400000000000001,0.52,0,0,1,1,0
354,18,2,4,0.5,0.6000000000000001,0.3200000000000003,0.8000000000000003,0.3200000000000003,1,2,1,0,4
355,17,3,3,0.2916666666666665,0.08000000000000007,0.7200000000000002,0.040000000000000036,0.43999999999999995,0,0,2,2,6
356,19,2,0,0.7916666666666665,0.8000000000000003,0.8799999999999999,0.7600000000000002,0.9199999999999999,0,5,0,0,2
357,20,5,3,0.25,0.56,0.8399999999999999,0.48,0.6400000000000001,3,0,2,0,2
358,17,2,2,0.7916666666666665,0.8000000000000003,0.2400000000000002,0.040000000000000036,0.3200000000000003,1,4,0,1,1
359,16,2,1,0.45833333333333304,0.0,0.96,0.6000000000000001,0.040000000000000036,0,3,2,1,5
360,19,2,3,0.583333333333333,0.6000000000000001,0.08000000000000007,0.08000000000000007,0.9199999999999999,2,0,1,0,6
361,16,5,3,0.625,0.2400000000000002,0.3200000000000003,0.52,0.28000000000000025,2,4,1,1,4
362,17,2,0,0.9166666666666661,1.0,0.8799999999999999,0.52,0.96,2,3,0,2,6
363,20,5,2,0.5,0.3999999999999999,0.52,0.52,0.96,3,1,1,1,6
364,18,5,4,0.6666666666666665,0.1200000000000001,0.96,0.0,0.20000000000000018,1,1,0,2,2
365,16,5,3,0.45833333333333304,0.7200000000000002,0.3999999999999999,0.96,0.3999999999999999,1,5,2,1,6
366,16,2,0,0.958333333333333,0.9199999999999999,0.3999999999999999,0.28000000000000025,0.0,2,0,2,0,4
367,16,5,0,0.708333333333333,0.48,0.20000000000000018,0.3599999999999999,0.48,2,4,1,0,6
368,19,5,2,0.20833333333333304,0.08000000000000007,0.3599999999999999,0.6800000000000002,0.0,2,1,2,1,4
369,18,4,0,0.125,0.8000000000000003,0.3599999999999999,0.6000000000000001,0.6400000000000001,3,3,0,1,2
370,19,2,2,0.5416666666666665,0.48,0.16000000000000014,0.9199999999999999,0.7600000000000002,3,0,1,1,0
371,16,2,3,0.08333333333333304,0.7200000000000002,0.040000000000000036,0.48,0.6400000000000001,0,0,1,0,2
372,20,2,1,0.5416666666666665,0.3599999999999999,0.6800000000000002,0.43999999999999995,0.28000000000000025,0,4,1,1,0
373,19,2,2,0.833333333333333,0.96,0.43999999999999995,0.16000000000000014,0.56,2,5,2,1,2
374,20,2,3,0.04166666666666652,0.9199999999999999,0.43999999999999995,0.08000000000000007,0.7200000000000002,1,0,1,0,0
375,20,5,2,0.9166666666666661,0.52,0.96,0.52,0.1200000000000001,0,1,2,0,3
376,16,5,4,0.75,0.0,0.28000000000000025,0.9199999999999999,0.040000000000000036,1,1,1,1,2
377,19,5,4,0.0,0.6400000000000001,0.16000000000000014,0.28000000000000025,0.3999999999999999,2,4,0,2,5
378,19,2,2,0.16666666666666652,0.08000000000000007,0.1200000000000001,0.96,0.52,2,1,0,0,0
379,20,2,2,0.375,0.20000000000000018,0.52,0.9199999999999999,0.2400000000000002,2,2,0,2,1
380,20,2,1,0.583333333333333,0.20000000000000018,0.1200000000000001,0.48,0.28000000000000025,2,0,2,1,5
381,18,2,2,0.7916666666666665,0.6800000000000002,0.08000000000000007,0.3599999999999999,0.08000000000000007,1,3,2,2,5
382,16,2,3,0.7916666666666665,0.20000000000000018,0.3200000000000003,0.6400000000000001,0.6400000000000001,1,5,2,2,4
383,16,6,4,0.45833333333333304,0.0,0.96,0.1200000000000001,0.7600000000000002,2,0,1,1,4
384,17,5,1,0.0,0.8799999999999999,0.52,0.8000000000000003,0.96,0,0,1,2,5
385,19,5,1,1.0,0.6800000000000002,0.3599999999999999,0.040000000000000036,0.8399999999999999,0,2,0,0,3
386,18,5,4,0.45833333333333304,0.3599999999999999,0.9199999999999999,1.0,0.0,0,0,1,2,3
387,18,2,0,0.875,0.16000000000000014,0.43999999999999995,0.28000000000000025,0.7600000000000002,1,2,2,1,1
388,19,2,2,0.875,0.96,0.7200000000000002,0.0,0.0,1,1,0,2,5
389,17,2,3,0.08333333333333304,0.16000000000000014,0.48,0.2400000000000002,0.8799999999999999,3,5,1,1,6
390,18,2,0,0.33333333333333304,0.3599999999999999,0.3999999999999999,0.0,0.7600000000000002,3,2,2,1,0
391,16,5,3,0.875,0.8399999999999999,0.6000000000000001,0.9199999999999999,0.16000000000000014,3,4,1,2,5
392,16,5,0,0.45833333333333304,0.6800000000000002,0.8799999999999999,0.1200000000000001,0.8799999999999999,1,4,2,2,1
393,18,2,4,0.9166666666666661,0.8399999999999999,0.7200000000000002,0.20000000000000018,0.8399999999999999,0,3,1,0,5
394,20,2,0,0.958333333333333,0.8799999999999999,0.3599999999999999,0.48,0.6800000000000002,2,4,1,0,4
395,17,5,3,0.2916666666666665,0.96,0.7600000000000002,0.8000000000000003,0.6400000000000001,1,4,1,2,0
396,18,2,3,0.125,0.16000000000000014,0.43999999999999995,0.7200000000000002,1.0,0,3,1,1,1
397,20,2,0,0.708333333333333,0.6400000000000001,0.2400000000000002,0.8799999999999999,0.28000000000000025,0,5,1,0,6
398,17,2,1,0.2916666666666665,0.56,0.16000000000000014,0.3599999999999999,0.6400000000000001,3,3,1,1,4
399,17,5,3,0.25,0.7200000000000002,0.16000000000000014,0.08000000000000007,0.56,1,5,0,2,6
400,18,5,0,0.16666666666666652,0.16000000000000014,0.28000000000000025,0.8000000000000003,0.1200000000000001,1,5,0,1,0
401,19,5,4,0.2916666666666665,0.20000000000000018,1.0,0.6800000000000002,0.3999999999999999,1,4,1,1,3
402,16,5,2,0.375,0.48,0.48,0.6800000000000002,0.43999999999999995,0,0,1,2,3
403,16,2,1,0.625,0.8000000000000003,0.08000000000000007,0.9199999999999999,0.08000000000000007,3,1,2,1,3
404,19,5,1,0.625,0.6000000000000001,0.3599999999999999,0.3200000000000003,0.20000000000000018,1,3,1,1,2
405,16,5,2,0.25,0.3599999999999999,0.2400000000000002,0.9199999999999999,1.0,0,3,0,1,3
406,19,5,1,0.6666666666666665,0.3999999999999999,0.08000000000000007,0.20000000000000018,0.6400000000000001,3,4,0,0,2
407,17,5,0,0.375,0.16000000000000014,0.16000000000000014,0.52,0.7200000000000002,2,0,2,0,1
408,20,2,1,0.5416666666666665,0.6800000000000002,0.16000000000000014,0.6800000000000002,0.8000000000000003,1,0,1,0,2
409,18,2,3,0.16666666666666652,0.6000000000000001,0.56,0.3999999999999999,0.52,2,2,2,1,4
410,17,5,3,0.20833333333333304,1.0,0.6800000000000002,0.96,0.6000000000000001,0,2,1,0,4
411,20,1,4,0.04166666666666652,0.3999999999999999,0.16000000000000014,0.28000000000000025,0.040000000000000036,2,4,2,1,0
412,16,5,2,0.833333333333333,0.20000000000000018,0.3599999999999999,0.56,0.3999999999999999,1,5,0,0,6
413,18,2,1,0.4166666666666665,0.040000000000000036,0.040000000000000036,0.96,0.3200000000000003,2,4,1,0,4
414,19,7,0,0.7916666666666665,0.3599999999999999,0.0,0.28000000000000025,0.20000000000000018,0,4,2,0,1
415,20,2,3,0.20833333333333304,0.20000000000000018,0.6000000000000001,0.3599999999999999,0.0,0,4,0,2,3
416,17,5,1,0.875,0.96,0.08000000000000007,0.7200000000000002,0.20000000000000018,1,2,1,2,4
417,19,2,3,0.08333333333333304,0.3200000000000003,0.20000000000000018,0.040000000000000036,0.1200000000000001,0,5,2,1,5
418,16,5,4,0.4166666666666665,0.6800000000000002,0.0,0.7200000000000002,1.0,2,5,0,1,3
419,20,2,1,0.708333333333333,0.28000000000000025,0.3200000000000003,0.6800000000000002,0.3200000000000003,2,4,0,2,2
420,20,2,3,0.16666666666666652,0.56,0.6000000000000001,0.0,0.2400000000000002,3,1,2,0,6
421,19,4,2,0.75,0.8399999999999999,0.96,0.16000000000000014,0.3999999999999999,3,1,0,0,2
422,17,2,4,0.0,0.28000000000000025,0.8399999999999999,0.8000000000000003,0.08000000000000007,0,2,2,2,1
423,19,2,3,0.7916666666666665,0.3200000000000003,0.7600000000000002,0.7200000000000002,0.7200000000000002,0,5,1,0,5
424,17,2,3,0.125,0.1200000000000001,0.43999999999999995,0.56,0.7600000000000002,3,4,2,2,6
425,19,5,1,0.0,0.96,0.56,0.7200000000000002,0.6800000000000002,2,2,0,2,4
426,16,5,4,0.08333333333333304,0.3599999999999999,0.43999999999999995,0.48,0.3999999999999999,3,0,2,0,3
427,17,2,2,0.20833333333333304,0.7200000000000002,0.040000000000000036,0.48,0.43999999999999995,1,5,1,1,4
428,19,5,3,0.875,0.52,0.7600000000000002,0.7600000000000002,0.3599999999999999,2,1,2,0,1
429,20,5,0,0.833333333333333,0.20000000000000018,0.08000000000000007,0.48,0.3599999999999999,0,0,2,1,0
430,17,2,4,0.4166666666666665,0.20000000000000018,0.48,0.040000000000000036,0.0,0,5,1,0,1
431,19,2,1,0.7916666666666665,0.52,0.52,0.8399999999999999,0.040000000000000036,1,5,1,1,4
432,20,5,1,0.75,0.6800000000000002,0.8000000000000003,0.6400000000000001,0.3599999999999999,2,5,1,2,6
433,19,5,3,0.20833333333333304,0.3200000000000003,0.6000000000000001,0.3599999999999999,0.6000000000000001,0,3,2,2,3
434,18,7,2,0.125,0.43999999999999995,0.6800000000000002,0.3999999999999999,0.6800000000000002,2,3,1,1,1
435,18,2,3,0.833333333333333,0.0,0.16000000000000014,0.20000000000000018,0.3599999999999999,1,3,0,0,1
436,18,5,2,0.625,0.43999999999999995,0.0,0.16000000000000014,0.9199999999999999,1,3,0,0,2
437,20,5,1,0.33333333333333304,0.48,0.6800000000000002,0.43999999999999995,1.0,3,3,1,1,6
438,18,5,0,0.625,0.6400000000000001,0.6800000000000002,0.08000000000000007,0.3599999999999999,0,1,0,1,1
439,20,5,2,0.583333333333333,0.20000000000000018,0.96,0.6000000000000001,0.7200000000000002,3,4,1,1,2
440,19,4,4,0.708333333333333,0.56,0.52,0.3200000000000003,0.6800000000000002,1,1,2,1,2
441,19,5,4,0.25,0.9199999999999999,0.8799999999999999,0.7600000000000002,0.20000000000000018,3,4,1,1,3
442,19,5,0,0.958333333333333,0.43999999999999995,0.9199999999999999,0.8000000000000003,0.43999999999999995,3,0,0,0,5
443,20,5,4,0.45833333333333304,0.0,0.1200000000000001,0.6800000000000002,0.1200000000000001,0,2,2,2,2
444,20,2,2,0.833333333333333,0.8799999999999999,0.6800000000000002,0.9199999999999999,0.8000000000000003,1,2,1,2,0
445,20,2,0,0.125,0.43999999999999995,0.48,0.6400000000000001,0.3599999999999999,0,5,0,1,4
446,17,2,2,0.708333333333333,0.1200000000000001,0.56,0.56,0.16000000000000014,0,0,0,2,3
447,20,5,3,0.2916666666666665,0.3200000000000003,0.3599999999999999,0.43999999999999995,0.48,2,3,0,2,4
448,19,5,4,0.875,0.7600000000000002,0.6000000000000001,0.9199999999999999,0.6800000000000002,2,0,1,2,2
449,20,5,3,0.0,0.43999999999999995,0.0,0.28000000000000025,0.3200000000000003,2,0,2,2,2
450,16,5,1,0.16666666666666652,0.1200000000000001,0.3999999999999999,0.96,0.96,2,0,2,1,6
451,18,2,3,0.7916666666666665,0.6000000000000001,0.0,0.7600000000000002,0.56,1,1,0,1,0
452,20,2,3,0.6666666666666665,0.3999999999999999,0.6400000000000001,0.96,0.3599999999999999,3,3,1,2,0
453,17,5,2,1.0,0.9199999999999999,0.6800000000000002,0.8399999999999999,0.48,0,0,2,0,3
454,19,5,0,0.583333333333333,0.08000000000000007,0.7600000000000002,0.6400000000000001,0.20000000000000018,3,0,0,0,0
455,16,5,3,0.833333333333333,0.56,0.20000000000000018,0.0,0.96,0,1,2,2,2
456,20,5,4,0.25,1.0,0.7600000000000002,0.8799999999999999,0.48,2,1,0,0,0
457,17,7,3,0.875,0.08000000000000007,0.8399999999999999,0.16000000000000014,0.28000000000000025,3,3,2,2,1
458,18,2,0,0.08333333333333304,0.8799999999999999,1.0,0.16000000000000014,0.96,2,1,2,0,1
459,16,5,0,0.875,0.1200000000000001,0.16000000000000014,0.0,0.6800000000000002,0,2,2,2,6
460,17,5,0,0.625,0.3599999999999999,0.1200000000000001,0.3200000000000003,0.3999999999999999,0,2,0,2,2
461,18,3,4,0.0,0.8000000000000003,0.1200000000000001,0.8799999999999999,0.28000000000000025,2,3,0,1,0
462,19,2,3,0.625,0.3200000000000003,0.20000000000000018,0.56,0.3599999999999999,1,3,2,2,6
463,17,2,4,0.04166666666666652,0.9199999999999999,0.96,0.28000000000000025,1.0,2,2,2,1,6
464,16,5,0,0.625,1.0,0.48,0.8399999999999999,0.7200000000000002,2,0,1,2,5
465,20,2,1,0.0,0.3599999999999999,0.9199999999999999,0.0,0.9199999999999999,0,5,2,1,6
466,18,2,1,1.0,0.28000000000000025,0.9199999999999999,0.3200000000000003,0.9199999999999999,2,4,2,1,3
467,20,5,3,0.375,0.3999999999999999,0.2400000000000002,0.56,0.9199999999999999,3,2,2,0,6
468,17,5,2,0.375,0.8399999999999999,0.8399999999999999,0.3999999999999999,0.28000000000000025,2,2,2,1,3
469,20,0,3,0.2916666666666665,0.08000000000000007,0.48,0.8399999999999999,0.6000000000000001,3,0,1,0,3
470,17,2,4,1.0,0.28000000000000025,0.3999999999999999,0.1200000000000001,0.56,0,4,1,2,1
471,19,2,1,0.2916666666666665,0.3999999999999999,0.3599999999999999,1.0,0.9199999999999999,0,2,2,1,1
472,19,2,0,0.16666666666666652,0.1200000000000001,0.52,0.9199999999999999,0.20000000000000018,3,1,0,0,5
473,19,5,2,0.4166666666666665,1.0,0.48,0.0,0.20000000000000018,2,5,2,1,6
474,16,2,4,0.625,0.8000000000000003,0.16000000000000014,0.52,0.0,0,0,2,0,4
475,18,2,3,0.33333333333333304,0.7600000000000002,0.96,0.56,0.20000000000000018,2,5,0,2,1
476,17,5,1,0.583333333333333,0.96,0.28000000000000025,0.96,0.52,1,1,2,1,3
477,16,6,4,0.33333333333333304,0.28000000000000025,0.1200000000000001,0.6000000000000001,0.2400000000000002,2,0,0,2,3
478,19,5,0,0.125,0.7600000000000002,0.0,0.7200000000000002,0.43999999999999995,0,5,2,2,0
479,18,5,3,0.125,1.0,0.6000000000000001,0.56,0.6800000000000002,0,5,1,2,6
480,18,2,4,0.2916666666666665,0.20000000000000018,0.3599999999999999,0.7200000000000002,0.9199999999999999,1,4,1,0,1
481,17,5,1,1.0,0.040000000000000036,0.1200000000000001,0.7200000000000002,0.8000000000000003,1,4,1,2,5
482,18,2,3,0.625,0.8000000000000003,0.56,0.8000000000000003,0.8399999999999999,3,5,0,1,0
483,20,2,1,0.875,0.6000000000000001,0.6000000000000001,0.0,0.7600000000000002,2,0,1,2,4
484,20,2,3,0.958333333333333,0.43999999999999995,0.1200000000000001,0.8399999999999999,0.28000000000000025,0,1,2,2,0
485,18,5,0,0.45833333333333304,0.6000000000000001,0.8399999999999999,0.28000000000000025,0.8000000000000003,3,1,1,0,0
486,19,2,3,1.0,0.1200000000000001,0.96,0.08000000000000007,0.8000000000000003,3,4,2,1,5
487,19,5,3,0.16666666666666652,0.7600000000000002,0.3200000000000003,1.0,0.3599999999999999,3,4,1,2,0
488,16,2,3,0.33333333333333304,0.9199999999999999,0.0,0.16000000000000014,0.8000000000000003,2,2,0,2,2
489,16,5,0,0.45833333333333304,0.8799999999999999,0.2400000000000002,0.56,0.56,0,2,0,1,6
490,19,3,1,0.08333333333333304,0.52,0.56,0.52,0.43999999999999995,1,3,0,2,4
491,19,2,4,0.33333333333333304,1.0,0.3599999999999999,0.8799999999999999,0.56,2,2,2,0,4
492,20,2,1,0.4166666666666665,0.16000000000000014,0.96,0.3200000000000003,0.2400000000000002,2,2,1,1,3
493,17,5,1,0.9166666666666661,0.6400000000000001,0.96,0.6000000000000001,0.8000000000000003,3,0,1,1,4
494,18,5,0,0.25,0.7600000000000002,1.0,0.1200000000000001,0.7600000000000002,2,2,0,0,4
495,20,5,0,0.833333333333333,0.16000000000000014,0.8399999999999999,0.8799999999999999,0.7200000000000002,1,5,0,0,0
496,18,5,1,0.708333333333333,0.040000000000000036,0.0,0.52,0.16000000000000014,3,3,1,2,5
497,16,2,4,0.6666666666666665,0.96,0.6000000000000001,0.040000000000000036,0.3599999999999999,3,1,0,0,6
498,16,2,3,0.6666666666666665,0.8799999999999999,0.8000000000000003,0.2400000000000002,0.43999999999999995,0,4,2,2,6
499,19,2,2,0.708333333333333,0.16000000000000014,1.0,0.7200000000000002,0.7600000000000002,2,2,2,2,6
500,16,5,0,0.33333333333333304,0.52,0.16000000000000014,0.96,0.8000000000000003,2,5,2,2,1
501,16,2,3,0.04166666666666652,0.7200000000000002,0.8399999999999999,0.16000000000000014,0.16000000000000014,0,4,1,0,2
502,20,5,2,0.75,0.52,0.8799999999999999,0.6000000000000001,0.96,1,0,2,1,4
503,17,5,4,0.5,0.56,0.0,0.8399999999999999,0.6800000000000002,2,0,1,1,2
504,18,2,3,0.6666666666666665,0.8000000000000003,0.2400000000000002,0.20000000000000018,0.8000000000000003,2,3,0,0,1
505,18,2,1,1.0,0.7600000000000002,0.6800000000000002,0.3200000000000003,0.8399999999999999,2,2,2,0,3
506,18,2,1,0.708333333333333,0.3999999999999999,0.16000000000000014,1.0,0.96,1,4,1,0,3
507,20,2,3,0.33333333333333304,0.7600000000000002,0.2400000000000002,0.1200000000000001,0.8799999999999999,1,2,0,0,0
508,17,5,3,0.708333333333333,0.8799999999999999,0.43999999999999995,0.43999999999999995,0.96,3,0,1,1,0
509,18,5,1,0.708333333333333,0.2400000000000002,0.9199999999999999,0.6000000000000001,0.6800000000000002,1,0,2,0,1
510,19,5,0,0.08333333333333304,0.08000000000000007,0.16000000000000014,0.3200000000000003,0.3599999999999999,0,4,1,2,1
511,17,2,1,0.0,0.08000000000000007,0.56,0.8399999999999999,0.6000000000000001,0,2,0,2,3
512,19,5,2,0.583333333333333,0.1200000000000001,0.7600000000000002,0.3999999999999999,0.8000000000000003,3,1,0,0,3
513,20,5,4,0.25,0.48,0.6800000000000002,0.16000000000000014,0.6400000000000001,0,4,0,2,1
514,16,5,3,0.20833333333333304,0.6400000000000001,0.3999999999999999,0.3999999999999999,0.6800000000000002,3,0,1,2,1
515,19,5,1,0.16666666666666652,0.08000000000000007,0.20000000000000018,0.040000000000000036,0.28000000000000025,1,1,1,2,4
516,18,5,3,0.04166666666666652,0.6800000000000002,0.20000000000000018,0.1200000000000001,0.2400000000000002,0,0,1,1,3
517,17,5,0,0.7916666666666665,0.56,0.2400000000000002,0.8000000000000003,0.2400000000000002,1,3,2,1,5
518,20,2,3,0.2916666666666665,0.28000000000000025,0.6000000000000001,0.040000000000000036,0.28000000000000025,0,0,0,2,2
519,20,2,1,0.5416666666666665,0.9199999999999999,0.2400000000000002,0.6400000000000001,0.43999999999999995,3,5,1,0,1
520,19,2,1,0.125,0.3200000000000003,0.7200000000000002,0.8799999999999999,0.6800000000000002,1,3,0,2,5
521,19,5,3,0.20833333333333304,0.52,0.43999999999999995,0.28000000000000025,0.52,3,4,0,0,1
522,19,5,2,0.20833333333333304,0.8399999999999999,0.2400000000000002,0.3599999999999999,0.7600000000000002,2,3,1,2,6
523,18,2,0,0.5,0.3999999999999999,0.16000000000000014,0.8000000000000003,0.6400000000000001,0,2,1,1,4
524,17,5,2,0.20833333333333304,0.6000000000000001,0.9199999999999999,0.7600000000000002,0.08000000000000007,3,0,1,1,3
525,20,5,1,0.2916666666666665,0.96,0.3599999999999999,0.6400000000000001,0.1200000000000001,3,2,1,2,1
526,20,2,0,0.625,0.2400000000000002,0.56,0.16000000000000014,0.6000000000000001,1,0,0,0,0
527,16,5,1,0.16666666666666652,0.3599999999999999,0.28000000000000025,0.20000000000000018,0.3200000000000003,3,3,1,0,4
528,17,5,3,0.583333333333333,0.3599999999999999,0.6800000000000002,0.52,0.96,3,4,2,1,1
529,18,7,4,0.833333333333333,0.0,1.0,0.8799999999999999,0.6400000000000001,3,2,2,1,5
530,16,5,2,0.0,0.8000000000000003,0.040000000000000036,0.0,0.96,0,5,1,1,4
531,16,5,1,0.0,0.6000000000000001,0.6800000000000002,0.1200000000000001,0.1200000000000001,3,0,2,2,0
532,17,2,3,0.7916666666666665,0.52,0.7200000000000002,0.040000000000000036,0.6400000000000001,2,5,2,1,6
533,19,2,1,0.20833333333333304,0.040000000000000036,0.8799999999999999,0.56,0.7600000000000002,3,0,0,1,4
534,17,5,0,0.7916666666666665,0.9199999999999999,0.2400000000000002,0.52,0.08000000000000007,2,1,2,1,1
535,20,2,2,0.4166666666666665,0.7600000000000002,0.3999999999999999,0.08000000000000007,0.8399999999999999,1,5,0,0,6
536,19,7,3,0.125,0.8000000000000003,0.8399999999999999,0.52,0.6800000000000002,2,0,0,0,6
537,19,5,1,0.6666666666666665,0.0,0.6800000000000002,0.0,0.56,3,2,1,0,3
538,20,5,4,0.2916666666666665,0.7200000000000002,0.08000000000000007,0.20000000000000018,0.28000000000000025,2,0,1,0,3
539,19,5,4,0.875,0.56,0.43999999999999995,0.8000000000000003,0.56,0,2,0,2,4
540,20,5,4,0.2916666666666665,0.1200000000000001,0.3200000000000003,0.96,0.43999999999999995,0,2,2,2,5
541,16,5,3,0.958333333333333,0.1200000000000001,0.16000000000000014,0.3200000000000003,0.43999999999999995,1,3,0,1,4
542,17,5,3,0.375,1.0,0.6000000000000001,0.16000000000000014,1.0,0,2,0,2,6
543,20,5,1,0.583333333333333,0.7600000000000002,0.6800000000000002,0.56,0.6000000000000001,0,1,2,0,4
544,19,2,4,0.5416666666666665,1.0,0.7200000000000002,0.6800000000000002,0.20000000000000018,2,2,0,2,4
545,20,2,0,0.6666666666666665,0.6400000000000001,0.52,0.9199999999999999,0.43999999999999995,3,4,2,2,0
546,20,2,0,0.4166666666666665,0.8000000000000003,0.7600000000000002,0.43999999999999995,0.0,1,0,1,2,1
547,16,2,1,0.75,0.6400000000000001,0.20000000000000018,0.8399999999999999,0.9199999999999999,3,0,2,1,2
548,17,2,4,0.625,0.16000000000000014,0.56,0.56,1.0,3,5,1,1,5
549,16,5,4,1.0,0.6800000000000002,0.7600000000000002,0.040000000000000036,0.7600000000000002,3,1,0,1,5
550,19,5,4,0.6666666666666665,0.0,0.9199999999999999,0.6800000000000002,0.2400000000000002,3,3,1,1,1
551,19,4,4,0.875,0.6800000000000002,0.6400000000000001,0.96,0.3200000000000003,2,4,0,0,2
552,19,1,3,0.20833333333333304,0.96,0.3200000000000003,0.3200000000000003,0.6000000000000001,0,4,2,1,5
553,20,2,1,0.4166666666666665,0.52,0.6000000000000001,0.0,0.8799999999999999,2,1,1,1,0
554,16,2,4,0.33333333333333304,0.3599999999999999,0.20000000000000018,0.48,0.9199999999999999,2,4,0,2,0
555,16,2,3,0.583333333333333,0.48,0.96,0.28000000000000025,0.1200000000000001,1,1,0,2,2
556,16,5,1,0.16666666666666652,0.28000000000000025,0.43999999999999995,0.1200000000000001,0.7600000000000002,2,0,0,0,3
557,17,2,0,0.08333333333333304,0.6400000000000001,0.6000000000000001,0.43999999999999995,1.0,3,3,1,0,5
558,18,2,0,0.125,0.08000000000000007,0.1200000000000001,0.040000000000000036,0.1200000000000001,0,4,2,1,0
559,19,5,2,0.708333333333333,0.8399999999999999,0.0,0.52,0.6800000000000002,0,2,2,1,5
560,19,5,2,0.5416666666666665,0.7200000000000002,0.56,0.7200000000000002,0.08000000000000007,0,1,1,2,6
561,17,5,1,0.0,0.040000000000000036,0.7600000000000002,0.6000000000000001,0.0,3,5,2,1,1
562,17,2,4,0.75,0.8399999999999999,0.0,0.7600000000000002,0.3599999999999999,0,1,2,1,0
563,19,2,3,1.0,0.0,0.6400000000000001,0.3999999999999999,0.48,3,1,0,0,6
564,16,5,0,0.04166666666666652,0.1200000000000001,0.2400000000000002,0.56,0.0,1,2,1,2,3
565,16,2,1,0.0,0.3200000000000003,0.0,0.7200000000000002,0.20000000000000018,0,2,1,1,1
566,18,2,3,0.16666666666666652,1.0,0.040000000000000036,0.8799999999999999,0.3599999999999999,2,3,1,0,4
567,19,2,2,0.0,0.43999999999999995,0.8399999999999999,0.56,0.2400000000000002,3,1,1,0,6
568,20,2,1,1.0,1.0,0.20000000000000018,0.3200000000000003,0.96,0,2,0,2,6
569,20,5,2,0.08333333333333304,0.3599999999999999,0.8399999999999999,0.6800000000000002,0.56,3,3,2,2,6
570,19,2,0,1.0,0.1200000000000001,0.3200000000000003,0.2400000000000002,0.28000000000000025,1,5,1,2,2
571,17,5,4,0.2916666666666665,0.1200000000000001,0.08000000000000007,0.6400000000000001,0.08000000000000007,0,2,2,1,5
572,20,5,1,0.625,0.0,0.48,0.0,1.0,0,1,0,2,2
573,20,5,2,0.20833333333333304,0.52,0.52,1.0,0.48,1,1,2,1,0
574,19,5,2,0.625,0.1200000000000001,0.96,0.040000000000000036,0.2400000000000002,1,5,0,2,5
575,20,2,1,0.25,0.6800000000000002,0.6400000000000001,0.7200000000000002,0.7600000000000002,0,0,2,0,1
576,19,5,2,0.583333333333333,0.0,0.6800000000000002,0.56,0.43999999999999995,2,5,0,2,5
577,18,2,1,1.0,0.2400000000000002,0.8799999999999999,0.1200000000000001,0.6400000000000001,3,2,2,0,1
578,19,2,3,0.7916666666666665,0.3200000000000003,0.3599999999999999,0.3999999999999999,0.6400000000000001,1,0,1,1,3
579,19,2,2,0.9166666666666661,0.040000000000000036,0.6400000000000001,0.8799999999999999,0.6000000000000001,1,1,1,0,1
580,19,2,3,0.375,0.28000000000000025,1.0,0.7600000000000002,0.20000000000000018,0,2,1,0,5
581,19,5,3,0.5416666666666665,0.20000000000000018,0.040000000000000036,0.6400000000000001,0.3999999999999999,2,4,2,1,6
582,16,5,1,0.625,0.08000000000000007,0.6800000000000002,0.8000000000000003,0.2400000000000002,0,0,0,0,0
583,20,0,2,0.125,0.20000000000000018,0.7200000000000002,0.7200000000000002,0.8399999999999999,1,0,2,1,0
584,19,2,0,0.5,0.6000000000000001,0.16000000000000014,0.8799999999999999,0.3599999999999999,3,3,0,1,0
585,17,5,1,0.875,0.28000000000000025,0.52,0.3200000000000003,0.1200000000000001,1,5,0,2,1
586,20,5,2,1.0,0.43999999999999995,0.28000000000000025,0.9199999999999999,0.3999999999999999,3,4,2,1,5
587,18,2,1,0.16666666666666652,0.0,0.52,0.08000000000000007,0.96,2,3,0,2,6
588,17,2,0,0.125,0.040000000000000036,0.7200000000000002,1.0,0.040000000000000036,2,0,0,2,3
589,20,5,0,0.375,0.6400000000000001,0.8799999999999999,0.6400000000000001,0.8799999999999999,0,2,1,0,6
590,17,2,2,0.6666666666666665,0.96,0.6000000000000001,0.48,0.3999999999999999,3,4,0,1,2
591,19,2,0,0.875,0.7200000000000002,0.9199999999999999,0.96,0.3599999999999999,2,2,1,2,1
592,17,2,0,0.33333333333333304,0.3599999999999999,0.43999999999999995,0.16000000000000014,0.3200000000000003,0,4,2,2,3
593,20,2,3,0.6666666666666665,0.96,0.8399999999999999,0.8000000000000003,0.8000000000000003,3,1,2,2,3
594,20,2,3,0.5416666666666665,0.48,0.040000000000000036,0.08000000000000007,0.8799999999999999,2,4,0,2,0
595,16,5,0,0.9166666666666661,0.1200000000000001,0.20000000000000018,0.3999999999999999,0.6800000000000002,2,5,2,1,5
596,20,5,2,0.16666666666666652,0.1200000000000001,0.08000000000000007,0.9199999999999999,0.96,0,5,0,0,0
597,16,5,3,0.6666666666666665,0.6800000000000002,0.56,0.0,0.6000000000000001,2,3,2,2,5
598,17,2,2,0.08333333333333304,0.7200000000000002,0.3999999999999999,0.1200000000000001,0.040000000000000036,1,0,0,1,6
599,17,2,0,1.0,0.2400000000000002,0.1200000000000001,0.8000000000000003,0.8799999999999999,3,1,2,0,3
600,16,6,4,0.708333333333333,0.3999999999999999,0.3200000000000003,0.7600000000000002,0.56,0,0,2,0,3
601,19,2,0,0.583333333333333,0.7600000000000002,0.16000000000000014,0.52,0.3599999999999999,3,1,1,2,2
602,18,5,4,0.125,0.6800000000000002,0.8799999999999999,0.20000000000000018,0.040000000000000036,3,5,0,0,0
603,20,2,0,0.0,0.1200000000000001,0.43999999999999995,0.20000000000000018,0.43999999999999995,0,4,1,1,5
604,16,2,0,0.25,0.96,0.7200000000000002,0.16000000000000014,0.7600000000000002,2,2,2,0,0
605,20,5,4,0.625,0.2400000000000002,0.1200000000000001,0.1200000000000001,0.3999999999999999,3,3,2,1,1
606,16,5,1,0.75,0.52,0.52,0.3599999999999999,0.08000000000000007,2,2,1,2,3
607,17,2,3,0.125,0.6400000000000001,0.56,0.8399999999999999,0.8000000000000003,3,4,1,1,3
608,18,5,1,0.9166666666666661,0.3999999999999999,0.8799999999999999,0.08000000000000007,0.7600000000000002,3,5,2,0,6
609,20,2,3,0.5,0.2400000000000002,0.7200000000000002,0.6400000000000001,0.2400000000000002,2,3,2,0,4
610,20,2,4,0.5416666666666665,0.6400000000000001,0.08000000000000007,0.48,0.9199999999999999,3,3,1,1,2
611,20,5,2,0.16666666666666652,0.08000000000000007,0.3999999999999999,0.48,0.8399999999999999,2,3,0,1,5
612,16,5,1,0.33333333333333304,0.8000000000000003,0.56,0.28000000000000025,0.8399999999999999,1,5,2,1,5
613,20,5,3,0.45833333333333304,0.8000000000000003,0.3599999999999999,0.2400000000000002,0.48,1,0,2,0,2
614,19,6,4,0.16666666666666652,0.6800000000000002,0.48,0.6400000000000001,0.20000000000000018,0,0,2,1,3
615,20,5,1,0.75,0.16000000000000014,0.16000000000000014,0.6800000000000002,0.8000000000000003,2,4,1,1,6
616,18,5,4,0.6666666666666665,0.16000000000000014,0.1200000000000001,1.0,0.6400000000000001,3,3,1,2,0
617,16,2,0,0.04166666666666652,0.43999999999999995,0.040000000000000036,0.16000000000000014,0.8799999999999999,3,5,2,1,1
618,19,2,0,0.9166666666666661,0.48,0.20000000000000018,0.7600000000000002,0.9199999999999999,3,2,2,1,1
619,16,5,2,0.25,0.040000000000000036,0.9199999999999999,0.040000000000000036,0.7600000000000002,0,2,0,1,5
620,16,5,2,1.0,0.52,0.56,0.20000000000000018,0.8799999999999999,0,2,1,0,6
621,18,5,3,0.833333333333333,0.7600000000000002,0.43999999999999995,0.20000000000000018,0.7600000000000002,2,3,0,0,3
622,18,5,4,0.958333333333333,0.0,0.6000000000000001,0.3599999999999999,0.7200000000000002,1,5,0,2,3
623,20,5,1,0.958333333333333,0.52,0.96,1.0,0.96,1,1,1,2,5
624,20,5,1,0.75,0.56,0.96,0.52,0.0,1,0,1,0,6
625,16,5,4,0.2916666666666665,0.3599999999999999,1.0,0.43999999999999995,0.16000000000000014,0,2,1,1,4
626,19,2,3,0.375,0.6400000000000001,0.9199999999999999,0.6400000000000001,0.28000000000000025,2,4,0,2,1
627,20,5,4,0.25,0.8399999999999999,0.040000000000000036,0.8000000000000003,0.1200000000000001,3,4,2,0,3
628,17,5,0,0.125,0.52,0.3599999999999999,0.48,0.08000000000000007,3,0,0,2,2
629,20,2,0,0.33333333333333304,0.6400000000000001,0.2400000000000002,0.040000000000000036,0.6400000000000001,2,4,0,2,6
630,17,0,2,0.45833333333333304,0.52,0.08000000000000007,0.08000000000000007,0.2400000000000002,1,2,2,0,3
631,19,5,4,0.5416666666666665,0.040000000000000036,0.1200000000000001,0.0,0.1200000000000001,1,5,1,0,1
632,16,5,3,0.16666666666666652,0.9199999999999999,0.48,0.6400000000000001,0.6000000000000001,0,4,0,0,5
633,19,2,0,0.708333333333333,0.2400000000000002,0.3999999999999999,0.9199999999999999,0.3200000000000003,1,5,2,1,4
634,16,2,4,0.833333333333333,0.6400000000000001,1.0,0.3200000000000003,0.8399999999999999,0,5,0,1,5
635,19,7,2,0.04166666666666652,0.8399999999999999,0.3999999999999999,0.3599999999999999,0.7200000000000002,3,4,1,0,0
636,17,2,4,0.7916666666666665,0.3200000000000003,0.1200000000000001,0.8799999999999999,0.3999999999999999,2,0,0,2,6
637,19,5,3,0.125,0.8399999999999999,0.2400000000000002,0.7600000000000002,0.040000000000000036,3,2,1,1,1
638,20,5,3,0.16666666666666652,0.3599999999999999,0.3599999999999999,0.0,0.16000000000000014,2,1,0,2,5
639,17,2,1,0.7916666666666665,0.2400000000000002,0.040000000000000036,0.43999999999999995,0.2400000000000002,0,2,0,0,5
640,17,2,1,0.375,0.8000000000000003,0.6800000000000002,0.3599999999999999,0.16000000000000014,2,5,2,1,1
641,18,5,2,0.9166666666666661,0.6800000000000002,0.3200000000000003,0.6400000000000001,0.8799999999999999,0,4,1,1,1
642,20,5,0,0.958333333333333,0.20000000000000018,0.3599999999999999,0.3599999999999999,0.96,1,1,0,0,4
643,16,2,0,0.04166666666666652,0.6400000000000001,0.3599999999999999,1.0,0.52,3,4,0,0,3
644,19,4,1,0.45833333333333304,0.3599999999999999,1.0,0.3200000000000003,0.3200000000000003,1,4,2,0,4
645,20,2,3,0.08333333333333304,0.7600000000000002,0.1200000000000001,0.52,0.6800000000000002,2,3,2,0,6
646,19,5,4,0.04166666666666652,0.43999999999999995,0.6400000000000001,0.28000000000000025,0.1200000000000001,2,2,2,1,3
647,19,5,4,0.625,0.3999999999999999,0.28000000000000025,0.6000000000000001,0.6800000000000002,2,2,0,0,4
648,16,5,4,0.9166666666666661,0.2400000000000002,0.56,0.8399999999999999,0.8799999999999999,0,3,2,0,6
649,18,5,0,1.0,0.08000000000000007,0.3200000000000003,0.56,0.8799999999999999,3,4,1,0,2
650,18,2,0,0.2916666666666665,0.56,0.52,0.6800000000000002,0.6400000000000001,0,4,1,2,0
651,17,5,0,0.833333333333333,0.3999999999999999,0.6400000000000001,0.28000000000000025,0.9199999999999999,1,4,0,0,3
652,18,2,2,0.33333333333333304,0.43999999999999995,0.96,0.8399999999999999,0.20000000000000018,2,3,1,1,6
653,20,2,4,0.75,0.43999999999999995,0.56,1.0,0.6400000000000001,0,4,0,0,6
654,20,5,4,1.0,0.48,0.0,0.43999999999999995,0.08000000000000007,1,1,2,2,1
655,20,2,1,0.4166666666666665,0.56,0.040000000000000036,0.08000000000000007,0.2400000000000002,1,1,2,1,1
656,18,5,0,0.9166666666666661,0.1200000000000001,0.1200000000000001,0.7200000000000002,1.0,3,3,1,0,4
657,18,5,1,0.4166666666666665,1.0,0.16000000000000014,0.6400000000000001,0.20000000000000018,3,3,0,2,3
658,17,5,3,0.9166666666666661,0.20000000000000018,0.52,0.2400000000000002,0.3599999999999999,2,0,1,2,4
659,20,2,4,0.0,0.8399999999999999,0.28000000000000025,0.6800000000000002,0.08000000000000007,1,0,1,0,0
660,20,5,0,0.75,0.56,0.7600000000000002,1.0,0.48,1,3,0,2,3
661,16,5,1,0.4166666666666665,0.6400000000000001,0.8399999999999999,0.43999999999999995,0.7600000000000002,0,4,2,1,5
662,16,2,4,1.0,0.3599999999999999,0.6400000000000001,0.6800000000000002,0.7600000000000002,3,2,1,1,6
663,19,5,4,0.45833333333333304,0.7600000000000002,0.7600000000000002,0.52,0.3999999999999999,1,2,2,2,2
664,20,2,0,0.958333333333333,0.3599999999999999,0.3200000000000003,0.3200000000000003,0.56,0,5,0,1,2
665,16,5,4,0.7916666666666665,0.6400000000000001,0.8399999999999999,0.96,0.56,3,0,1,2,4
666,17,5,0,0.2916666666666665,0.8399999999999999,0.7200000000000002,0.6400000000000001,0.1200000000000001,0,0,2,2,6
667,19,2,3,0.75,0.1200000000000001,0.7600000000000002,0.08000000000000007,0.7200000000000002,3,5,0,0,5
668,18,2,4,0.6666666666666665,0.040000000000000036,0.6800000000000002,0.20000000000000018,0.6000000000000001,1,2,1,2,2
669,19,2,4,0.708333333333333,0.3999999999999999,0.96,0.52,0.7600000000000002,3,0,1,0,2
670,18,2,3,0.5416666666666665,0.2400000000000002,0.2400000000000002,0.96,0.3999999999999999,1,4,2,1,3
671,17,5,1,0.875,0.2400000000000002,0.8000000000000003,0.43999999999999995,0.96,3,5,1,1,1
672,20,2,0,0.04166666666666652,0.3599999999999999,0.96,0.3599999999999999,0.2400000000000002,2,0,1,0,3
673,17,7,1,0.75,0.48,0.040000000000000036,0.9199999999999999,0.6800000000000002,1,0,2,1,5
674,18,2,3,0.45833333333333304,0.1200000000000001,1.0,0.56,0.43999999999999995,3,5,0,0,3
675,19,2,4,0.833333333333333,0.6400000000000001,0.3200000000000003,0.2400000000000002,0.1200000000000001,2,0,0,0,6
676,16,5,4,0.125,0.2400000000000002,0.6400000000000001,0.96,0.1200000000000001,0,3,2,2,5
677,20,2,1,0.2916666666666665,0.040000000000000036,0.8000000000000003,0.6400000000000001,0.6000000000000001,3,1,2,1,2
678,18,5,4,0.08333333333333304,0.7600000000000002,0.2400000000000002,0.9199999999999999,0.08000000000000007,3,5,0,2,2
679,16,2,3,1.0,0.28000000000000025,0.96,0.2400000000000002,0.16000000000000014,2,3,0,2,6
680,17,5,3,0.833333333333333,0.8399999999999999,0.6800000000000002,0.8799999999999999,0.6000000000000001,3,1,0,1,2
681,18,2,1,0.5,0.6400000000000001,0.52,0.8000000000000003,0.9199999999999999,0,0,1,1,1
682,16,2,0,1.0,0.3599999999999999,0.28000000000000025,0.7600000000000002,0.1200000000000001,0,5,0,0,5
683,18,2,1,0.6666666666666665,0.3200000000000003,0.6000000000000001,0.3200000000000003,0.7200000000000002,2,3,0,0,3
684,18,2,1,0.4166666666666665,0.48,0.52,0.28000000000000025,0.1200000000000001,1,2,0,0,2
685,17,2,2,0.5,0.8399999999999999,0.3599999999999999,0.8000000000000003,0.3599999999999999,1,5,1,0,2
686,20,6,2,0.20833333333333304,0.2400000000000002,0.8799999999999999,0.3999999999999999,0.8000000000000003,3,5,2,2,1
687,18,5,3,0.0,0.28000000000000025,0.9199999999999999,0.6800000000000002,0.7600000000000002,1,4,1,1,0
688,17,5,1,0.708333333333333,0.3999999999999999,0.96,0.1200000000000001,0.7200000000000002,2,0,1,1,6
689,19,2,3,0.04166666666666652,0.8399999999999999,0.0,1.0,0.8000000000000003,3,2,2,0,0
690,16,4,0,0.16666666666666652,0.9199999999999999,0.52,0.16000000000000014,0.28000000000000025,3,4,0,1,4
691,20,5,2,0.375,0.6800000000000002,0.3599999999999999,0.3200000000000003,0.6800000000000002,2,4,1,1,1
692,18,5,3,0.583333333333333,0.6800000000000002,0.1200000000000001,0.52,0.7200000000000002,1,3,2,2,0
693,20,2,0,0.2916666666666665,0.08000000000000007,0.43999999999999995,0.9199999999999999,0.20000000000000018,3,1,0,1,4
694,18,2,4,0.33333333333333304,0.28000000000000025,0.9199999999999999,0.52,0.20000000000000018,3,3,2,2,1
695,16,5,0,0.583333333333333,0.7200000000000002,0.28000000000000025,0.48,0.28000000000000025,0,4,2,0,5
696,20,2,0,0.25,0.56,0.040000000000000036,0.52,0.040000000000000036,3,2,2,2,2
697,17,2,2,1.0,0.56,0.56,0.8799999999999999,1.0,0,4,0,2,1
698,19,0,1,0.958333333333333,0.56,1.0,0.7600000000000002,0.2400000000000002,0,1,0,0,3
699,17,2,1,0.25,0.3999999999999999,0.0,0.9199999999999999,0.56,0,3,2,1,3
700,17,2,4,0.75,0.6400000000000001,0.8399999999999999,0.6400000000000001,0.040000000000000036,1,5,0,0,4
701,19,5,4,0.583333333333333,0.3599999999999999,0.16000000000000014,0.6800000000000002,0.040000000000000036,3,2,1,0,1
702,20,5,4,0.7916666666666665,0.28000000000000025,0.96,0.20000000000000018,0.7600000000000002,1,1,2,1,6
703,18,5,2,0.875,0.48,0.16000000000000014,0.0,0.16000000000000014,2,0,0,2,0
704,17,5,0,0.6666666666666665,0.20000000000000018,0.040000000000000036,0.28000000000000025,0.08000000000000007,3,5,0,0,0
705,18,2,2,0.16666666666666652,0.52,0.8799999999999999,0.3599999999999999,0.08000000000000007,3,1,2,1,2
706,16,1,2,0.33333333333333304,0.8799999999999999,0.43999999999999995,0.6800000000000002,0.48,0,2,1,1,1
707,18,5,2,0.833333333333333,0.7200000000000002,0.7600000000000002,1.0,0.0,1,4,0,1,0
708,17,2,3,0.45833333333333304,0.3999999999999999,1.0,0.20000000000000018,0.20000000000000018,3,4,2,1,2
709,20,4,3,0.6666666666666665,0.28000000000000025,0.3999999999999999,0.96,0.8799999999999999,3,1,1,2,0
710,18,5,0,0.583333333333333,0.6000000000000001,0.6000000000000001,0.6800000000000002,0.040000000000000036,1,2,2,1,6
711,19,5,0,0.33333333333333304,0.2400000000000002,0.52,0.6000000000000001,0.0,2,2,2,2,2
712,19,2,0,0.0,0.7200000000000002,0.9199999999999999,0.08000000000000007,0.040000000000000036,2,5,0,0,2
713,16,7,0,0.0,0.96,1.0,0.9199999999999999,0.43999999999999995,2,1,1,1,2
714,19,5,4,0.0,0.56,0.16000000000000014,0.2400000000000002,0.1200000000000001,1,3,2,2,6
715,18,2,4,0.5416666666666665,0.8399999999999999,0.52,0.8399999999999999,0.2400000000000002,1,1,1,1,1
716,20,5,2,0.45833333333333304,0.2400000000000002,0.16000000000000014,0.1200000000000001,0.8000000000000003,1,3,0,1,2
717,18,5,3,0.708333333333333,0.6400000000000001,0.6800000000000002,0.56,0.1200000000000001,2,3,0,1,3
718,16,5,3,0.6666666666666665,0.2400000000000002,0.52,0.1200000000000001,0.08000000000000007,2,2,1,1,5
719,17,2,0,0.2916666666666665,0.20000000000000018,0.7600000000000002,0.28000000000000025,0.7200000000000002,3,4,0,2,0
720,19,5,4,0.708333333333333,0.2400000000000002,0.08000000000000007,0.3200000000000003,0.43999999999999995,0,0,0,0,2
721,17,2,1,0.6666666666666665,0.08000000000000007,0.7200000000000002,0.6400000000000001,0.6400000000000001,3,4,2,0,6
722,19,5,1,0.708333333333333,0.6800000000000002,1.0,0.8000000000000003,0.1200000000000001,1,2,1,1,1
723,17,2,3,1.0,0.52,1.0,0.96,0.7600000000000002,2,0,2,1,0
724,18,5,3,0.75,1.0,1.0,0.8399999999999999,0.1200000000000001,1,3,0,2,3
725,17,5,3,0.833333333333333,0.8799999999999999,0.56,0.48,0.16000000000000014,1,5,0,1,4
726,18,5,4,0.125,0.2400000000000002,0.56,0.3200000000000003,0.6000000000000001,3,0,0,0,6
727,18,3,0,0.04166666666666652,0.96,0.2400000000000002,0.48,0.3999999999999999,0,1,2,0,1
728,18,2,2,0.0,0.3599999999999999,0.43999999999999995,0.8799999999999999,0.3200000000000003,3,4,0,1,3
729,17,2,3,0.75,0.20000000000000018,0.8000000000000003,0.8399999999999999,0.7200000000000002,2,0,0,0,2
730,19,0,0,0.5416666666666665,0.48,0.9199999999999999,0.2400000000000002,0.1200000000000001,1,0,2,2,1
731,18,5,2,0.5,1.0,0.28000000000000025,0.96,0.96,1,3,2,1,6
732,18,2,0,0.583333333333333,1.0,0.28000000000000025,0.8399999999999999,0.9199999999999999,0,4,0,0,4
733,16,5,3,1.0,0.2400000000000002,0.08000000000000007,0.7200000000000002,0.16000000000000014,3,3,0,0,2
734,16,2,2,0.375,0.8399999999999999,0.0,0.43999999999999995,0.1200000000000001,0,1,1,1,5
735,19,5,2,0.2916666666666665,0.20000000000000018,0.16000000000000014,0.96,0.48,1,0,2,2,5
736,18,5,4,1.0,0.08000000000000007,0.8000000000000003,0.2400000000000002,0.56,0,3,2,1,4
737,17,2,0,0.583333333333333,0.08000000000000007,1.0,0.6000000000000001,0.6000000000000001,1,1,0,1,2
738,16,2,4,0.75,0.7200000000000002,0.08000000000000007,0.3999999999999999,0.48,2,4,2,0,4
739,17,5,0,0.6666666666666665,0.3599999999999999,0.20000000000000018,0.96,0.3200000000000003,1,4,0,2,1
740,19,5,0,0.16666666666666652,0.3999999999999999,0.2400000000000002,0.3599999999999999,0.8000000000000003,1,2,2,2,0
741,18,5,0,0.25,0.08000000000000007,0.2400000000000002,0.6000000000000001,0.1200000000000001,3,3,2,2,2
742,16,2,3,0.6666666666666665,0.43999999999999995,0.20000000000000018,0.6800000000000002,0.7200000000000002,1,1,0,2,4
743,20,2,2,0.625,0.0,0.56,0.8399999999999999,0.2400000000000002,2,1,0,1,4
744,19,7,4,1.0,0.1200000000000001,0.3599999999999999,0.96,0.1200000000000001,3,0,1,0,3
745,16,2,3,0.583333333333333,0.8000000000000003,0.28000000000000025,0.28000000000000025,0.6400000000000001,2,5,0,1,5
746,20,5,4,0.833333333333333,0.48,0.56,0.8799999999999999,0.43999999999999995,1,2,2,2,1
747,19,5,4,0.33333333333333304,0.6800000000000002,0.3599999999999999,0.6800000000000002,0.20000000000000018,2,5,2,0,3
748,16,5,4,0.833333333333333,0.8799999999999999,0.8399999999999999,0.48,0.8000000000000003,2,5,0,1,1
749,16,7,2,0.875,1.0,0.56,0.6800000000000002,0.56,0,2,0,1,4
750,18,2,1,0.33333333333333304,0.9199999999999999,0.16000000000000014,0.3200000000000003,0.7600000000000002,1,4,1,2,1
751,18,2,4,0.833333333333333,0.3599999999999999,0.9199999999999999,0.0,0.96,1,3,0,2,0
752,20,5,3,0.04166666666666652,0.43999999999999995,0.28000000000000025,0.2400000000000002,0.8799999999999999,1,1,0,2,1
753,16,2,4,0.958333333333333,0.8399999999999999,0.43999999999999995,0.48,0.52,0,5,1,0,0
754,19,2,2,0.75,0.20000000000000018,0.08000000000000007,0.08000000000000007,0.040000000000000036,3,0,2,2,2
755,20,5,4,0.833333333333333,0.3999999999999999,0.0,0.1200000000000001,0.20000000000000018,2,0,1,2,6
756,19,2,3,0.625,0.9199999999999999,0.56,0.48,0.8000000000000003,0,4,1,1,0
757,16,5,2,0.16666666666666652,0.3999999999999999,0.6400000000000001,0.2400000000000002,0.3999999999999999,1,5,2,2,1
758,16,2,0,0.6666666666666665,0.8799999999999999,0.9199999999999999,0.56,0.3200000000000003,2,2,1,2,0
759,18,2,0,0.6666666666666665,0.28000000000000025,0.3200000000000003,0.0,0.52,1,3,0,0,1
760,19,5,0,0.875,1.0,0.9199999999999999,0.3200000000000003,0.8399999999999999,2,1,0,2,0
761,20,3,0,0.5,0.96,0.6000000000000001,0.8799999999999999,0.48,1,4,2,0,3
762,19,2,4,0.75,0.1200000000000001,0.2400000000000002,0.1200000000000001,0.28000000000000025,2,2,1,0,6
763,19,5,4,0.75,0.43999999999999995,0.1200000000000001,0.0,0.6400000000000001,1,1,1,0,4
764,17,2,4,0.958333333333333,0.96,0.7600000000000002,0.48,0.6800000000000002,3,2,1,0,2
765,19,2,1,0.375,0.6800000000000002,0.08000000000000007,0.8799999999999999,0.0,2,2,0,2,3
766,17,7,4,0.6666666666666665,0.56,0.28000000000000025,0.3999999999999999,0.8399999999999999,3,4,2,0,1
767,19,2,0,0.2916666666666665,0.08000000000000007,0.1200000000000001,0.040000000000000036,0.52,0,3,0,2,6
768,19,2,2,0.7916666666666665,0.43999999999999995,0.040000000000000036,0.16000000000000014,0.56,1,3,0,1,4
769,17,5,0,0.0,0.20000000000000018,0.52,0.7200000000000002,0.20000000000000018,0,5,0,0,0
770,17,5,4,0.125,0.43999999999999995,0.08000000000000007,0.2400000000000002,0.96,3,0,0,1,6
771,19,2,0,0.9166666666666661,0.8399999999999999,0.6000000000000001,0.52,0.040000000000000036,0,5,0,1,3
772,17,5,4,0.7916666666666665,0.1200000000000001,0.3200000000000003,0.3999999999999999,0.96,2,3,0,0,0
773,17,2,1,0.5,0.1200000000000001,0.8399999999999999,0.8000000000000003,0.8000000000000003,1,1,0,1,6
774,16,3,3,0.5416666666666665,0.08000000000000007,0.040000000000000036,0.3200000000000003,0.43999999999999995,0,3,1,0,5
775,18,5,4,0.5,0.3599999999999999,0.8000000000000003,0.040000000000000036,0.48,3,0,1,1,3
776,19,5,2,0.33333333333333304,0.3599999999999999,0.28000000000000025,0.7600000000000002,0.16000000000000014,3,3,1,2,5
777,19,5,4,0.875,1.0,0.16000000000000014,0.43999999999999995,0.2400000000000002,3,0,2,1,3
778,19,2,0,0.958333333333333,0.2400000000000002,0.0,0.6400000000000001,0.6400000000000001,2,3,0,2,0
779,16,2,3,0.0,0.28000000000000025,0.56,0.1200000000000001,0.0,3,4,2,1,0
780,20,5,2,0.5416666666666665,0.8000000000000003,0.9199999999999999,0.6800000000000002,0.3599999999999999,0,4,0,2,5
781,18,2,2,0.375,0.28000000000000025,0.3999999999999999,0.48,0.8399999999999999,2,4,1,0,2
782,17,2,2,0.583333333333333,0.8000000000000003,0.20000000000000018,0.56,0.52,3,4,0,0,0
783,17,5,2,0.583333333333333,0.96,1.0,0.20000000000000018,0.20000000000000018,2,1,1,1,5
784,20,5,3,0.583333333333333,0.3200000000000003,0.7200000000000002,0.7600000000000002,0.8000000000000003,3,2,2,1,6
785,20,2,2,0.4166666666666665,0.7600000000000002,1.0,0.3599999999999999,0.96,1,5,1,1,0
786,20,2,4,0.6666666666666665,0.52,0.28000000000000025,0.52,0.3599999999999999,0,4,0,2,4
787,19,2,2,0.75,0.6800000000000002,0.040000000000000036,0.3999999999999999,1.0,0,4,1,0,1
788,18,5,0,0.0,0.8000000000000003,0.040000000000000036,0.2400000000000002,0.52,3,3,0,2,2
789,20,5,3,0.7916666666666665,0.6400000000000001,0.6000000000000001,0.6800000000000002,0.96,2,3,2,0,6
790,18,5,3,0.4166666666666665,0.7600000000000002,0.2400000000000002,0.3200000000000003,0.0,2,1,2,0,4
791,16,5,2,0.7916666666666665,0.3599999999999999,0.16000000000000014,0.6400000000000001,0.7600000000000002,1,3,2,2,2
792,20,6,3,0.6666666666666665,1.0,0.3200000000000003,0.040000000000000036,0.16000000000000014,0,2,2,2,4
793,16,2,1,0.0,0.6400000000000001,0.6000000000000001,0.3999999999999999,0.1200000000000001,1,4,0,1,4
794,17,7,2,0.0,0.52,0.040000000000000036,0.0,0.3200000000000003,1,0,1,0,5
795,18,5,3,0.875,0.6000000000000001,0.040000000000000036,0.9199999999999999,0.43999999999999995,2,2,2,1,0
796,20,5,4,0.958333333333333,0.96,0.48,0.0,0.040000000000000036,1,0,2,2,0
797,16,7,2,0.375,0.16000000000000014,0.96,0.48,0.2400000000000002,0,2,2,0,6
798,20,2,1,0.20833333333333304,0.20000000000000018,0.16000000000000014,0.6400000000000001,0.8799999999999999,3,5,0,1,3
799,20,2,3,0.25,0.3200000000000003,0.9199999999999999,0.7200000000000002,0.56,3,2,0,1,2
800,17,2,3,0.0,0.96,0.48,0.8799999999999999,0.20000000000000018,3,1,0,1,5
801,18,2,4,0.7916666666666665,0.3599999999999999,0.16000000000000014,0.0,0.3200000000000003,1,4,1,2,4
802,18,5,4,0.5416666666666665,0.6400000000000001,0.7200000000000002,0.28000000000000025,0.28000000000000025,0,3,0,1,5
803,17,5,3,0.583333333333333,0.08000000000000007,0.43999999999999995,0.6400000000000001,0.3599999999999999,1,0,1,1,4
804,16,5,2,0.708333333333333,0.2400000000000002,0.16000000000000014,0.6400000000000001,0.3599999999999999,2,0,0,1,3
805,19,2,1,0.9166666666666661,0.8799999999999999,0.8799999999999999,0.9199999999999999,0.20000000000000018,3,0,1,2,6
806,16,2,1,0.7916666666666665,0.56,0.3999999999999999,0.8799999999999999,0.7600000000000002,0,5,2,1,5
807,16,5,2,0.0,0.52,0.20000000000000018,0.43999999999999995,0.08000000000000007,3,5,2,1,6
808,17,5,4,0.45833333333333304,0.6400000000000001,0.28000000000000025,0.8000000000000003,0.6400000000000001,1,1,2,0,6
809,18,5,4,0.0,0.56,0.0,0.040000000000000036,0.20000000000000018,1,5,1,1,2
810,19,2,0,0.875,0.28000000000000025,0.6000000000000001,0.8399999999999999,0.6400000000000001,1,1,0,1,0
811,17,5,3,0.45833333333333304,0.0,0.8799999999999999,1.0,0.3999999999999999,2,3,2,2,1
812,16,5,3,0.833333333333333,0.3200000000000003,0.3599999999999999,0.52,1.0,0,5,1,0,2
813,20,5,0,1.0,0.8000000000000003,0.96,0.8799999999999999,0.7200000000000002,0,2,0,0,4
814,16,5,3,0.5416666666666665,0.8399999999999999,0.8399999999999999,0.56,0.96,2,4,1,1,4
815,16,4,0,0.125,0.48,0.7200000000000002,0.96,0.1200000000000001,3,0,2,0,0
816,18,2,1,0.125,0.0,0.20000000000000018,0.040000000000000036,0.8799999999999999,1,1,0,2,5
817,20,2,1,0.08333333333333304,1.0,0.8399999999999999,0.6000000000000001,0.56,1,4,0,1,0
818,16,6,2,0.25,0.6000000000000001,0.3599999999999999,0.43999999999999995,0.9199999999999999,1,0,2,0,6
819,16,2,0,0.833333333333333,0.56,0.8000000000000003,0.8000000000000003,0.8399999999999999,1,0,0,2,0
820,17,2,1,0.875,0.28000000000000025,0.040000000000000036,0.7200000000000002,0.08000000000000007,3,5,2,1,3
821,19,5,4,0.4166666666666665,0.8399999999999999,0.52,0.7600000000000002,0.3599999999999999,2,5,1,1,5
822,19,2,1,0.375,0.3200000000000003,0.52,0.1200000000000001,0.08000000000000007,0,2,1,1,0
823,17,5,4,0.16666666666666652,0.7200000000000002,0.040000000000000036,0.8399999999999999,0.28000000000000025,1,1,2,0,1
824,16,5,0,0.7916666666666665,0.0,0.3599999999999999,0.7600000000000002,0.1200000000000001,1,0,2,2,2
825,16,5,1,1.0,0.0,0.040000000000000036,0.20000000000000018,0.6000000000000001,1,5,1,0,1
826,20,2,3,0.08333333333333304,0.040000000000000036,0.43999999999999995,0.7200000000000002,0.28000000000000025,2,2,2,0,5
827,19,2,4,0.7916666666666665,0.0,0.3200000000000003,0.2400000000000002,0.7600000000000002,3,0,1,2,2
828,17,5,4,0.04166666666666652,0.9199999999999999,0.16000000000000014,0.08000000000000007,0.3200000000000003,3,2,1,1,5
829,16,5,4,0.5,0.20000000000000018,0.20000000000000018,0.9199999999999999,0.43999999999999995,1,0,2,1,3
830,18,5,2,0.875,0.56,0.6400000000000001,0.7600000000000002,0.7200000000000002,3,5,0,2,4
831,20,5,2,0.833333333333333,0.16000000000000014,0.7600000000000002,0.6800000000000002,0.8000000000000003,1,1,0,1,0
832,17,5,0,0.75,0.2400000000000002,0.52,0.3599999999999999,0.20000000000000018,0,5,2,2,4
833,18,2,2,0.16666666666666652,0.8000000000000003,0.2400000000000002,0.48,0.8399999999999999,3,4,2,2,5
834,19,2,1,0.25,0.2400000000000002,0.7600000000000002,0.56,0.3599999999999999,0,0,2,2,6
835,20,5,3,0.4166666666666665,0.96,0.52,0.6800000000000002,0.8000000000000003,1,0,2,1,3
836,17,5,2,0.5416666666666665,0.20000000000000018,0.48,1.0,0.1200000000000001,3,1,2,0,3
837,19,5,2,0.45833333333333304,0.0,0.2400000000000002,0.20000000000000018,0.8000000000000003,2,1,1,0,2
838,20,2,2,0.2916666666666665,0.8799999999999999,0.7200000000000002,0.6800000000000002,0.7200000000000002,2,5,1,0,5
839,20,5,3,0.833333333333333,0.8799999999999999,0.08000000000000007,0.52,0.6800000000000002,0,1,2,1,4
840,20,2,4,0.125,0.52,0.8799999999999999,0.52,0.3200000000000003,2,2,0,0,6
841,18,2,1,0.125,0.040000000000000036,0.16000000000000014,0.16000000000000014,0.16000000000000014,2,5,2,2,4
842,18,2,2,0.9166666666666661,0.2400000000000002,0.0,0.56,0.0,2,3,2,2,3
843,19,2,3,0.625,0.1200000000000001,0.16000000000000014,0.48,0.96,2,2,2,0,0
844,16,5,0,1.0,0.08000000000000007,0.28000000000000025,0.1200000000000001,0.2400000000000002,1,3,1,2,6
845,20,2,0,0.958333333333333,1.0,0.1200000000000001,0.8000000000000003,0.8799999999999999,3,5,1,1,6
846,19,2,0,0.583333333333333,0.6400000000000001,0.52,0.6800000000000002,0.8399999999999999,3,0,2,0,4
847,17,5,1,0.04166666666666652,0.52,0.96,0.6800000000000002,0.7600000000000002,1,1,1,1,4
848,18,2,4,0.04166666666666652,1.0,0.6400000000000001,0.3200000000000003,0.3200000000000003,1,2,2,0,3
849,18,2,2,0.33333333333333304,0.8799999999999999,0.0,0.28000000000000025,0.28000000000000025,3,4,2,1,1
850,17,2,3,0.16666666666666652,0.56,0.8799999999999999,0.1200000000000001,0.28000000000000025,2,1,2,2,0
851,16,5,3,0.04166666666666652,0.16000000000000014,0.9199999999999999,0.20000000000000018,0.8399999999999999,1,4,1,1,1
852,16,2,1,0.0,0.6800000000000002,0.52,0.7600000000000002,0.7600000000000002,2,2,1,1,4
853,18,7,1,0.708333333333333,0.48,0.3599999999999999,0.08000000000000007,0.8000000000000003,1,3,2,0,5
854,19,2,0,0.20833333333333304,0.8799999999999999,0.48,0.3200000000000003,0.8799999999999999,2,3,2,0,1
855,16,2,2,0.375,0.96,0.8000000000000003,0.1200000000000001,0.7200000000000002,3,4,1,2,3
856,19,2,2,0.45833333333333304,0.1200000000000001,0.1200000000000001,0.43999999999999995,0.2400000000000002,1,2,0,1,6
857,18,2,2,0.2916666666666665,0.6000000000000001,0.48,0.8799999999999999,0.8399999999999999,3,0,2,2,5
858,19,5,3,0.5,0.040000000000000036,0.3999999999999999,0.8000000000000003,0.43999999999999995,3,5,1,0,3
859,19,5,3,0.25,0.56,0.8000000000000003,0.1200000000000001,1.0,2,0,0,2,6
860,16,5,4,0.958333333333333,0.1200000000000001,0.6000000000000001,0.040000000000000036,0.2400000000000002,0,4,0,1,0
861,18,2,3,0.875,0.1200000000000001,0.43999999999999995,0.040000000000000036,0.6800000000000002,1,2,2,1,3
862,17,2,0,0.0,0.08000000000000007,0.52,0.3200000000000003,0.7200000000000002,2,0,1,2,0
863,19,2,1,0.875,0.6400000000000001,0.08000000000000007,0.48,0.3999999999999999,2,3,2,2,4
864,20,2,1,0.33333333333333304,0.0,0.3999999999999999,0.48,0.8000000000000003,0,3,1,0,0
865,17,5,4,0.833333333333333,0.08000000000000007,0.7200000000000002,0.28000000000000025,0.6800000000000002,1,0,2,2,4
866,16,2,4,1.0,0.6000000000000001,0.2400000000000002,0.8799999999999999,0.96,0,3,2,2,1
867,18,5,1,1.0,0.0,0.28000000000000025,0.9199999999999999,0.8000000000000003,0,4,1,0,1
868,19,2,0,0.958333333333333,0.96,0.6800000000000002,0.040000000000000036,0.56,3,5,1,1,1
869,20,5,4,0.33333333333333304,0.3599999999999999,0.8799999999999999,0.3599999999999999,0.28000000000000025,2,3,2,1,5
870,19,5,1,0.7916666666666665,0.20000000000000018,0.1200000000000001,0.43999999999999995,0.6800000000000002,1,1,2,2,4
871,16,1,4,0.25,0.8399999999999999,0.6000000000000001,0.1200000000000001,0.3999999999999999,3,2,2,2,3
872,17,5,1,0.875,0.8799999999999999,0.16000000000000014,0.6800000000000002,0.28000000000000025,1,2,2,0,2
873,18,2,0,0.6666666666666665,0.9199999999999999,0.08000000000000007,0.96,0.7200000000000002,2,5,0,0,5
874,19,5,0,1.0,0.08000000000000007,0.16000000000000014,0.0,0.040000000000000036,0,4,2,1,3
875,20,5,4,0.625,0.6800000000000002,0.28000000000000025,0.3200000000000003,0.52,3,3,0,1,3
876,17,2,4,0.7916666666666665,0.28000000000000025,0.6800000000000002,0.8799999999999999,0.1200000000000001,1,3,2,2,3
877,19,5,4,0.04166666666666652,0.28000000000000025,0.7600000000000002,0.20000000000000018,0.43999999999999995,0,0,2,1,2
878,17,5,4,0.4166666666666665,0.52,0.08000000000000007,0.3999999999999999,0.9199999999999999,3,5,2,1,1
879,18,5,1,0.16666666666666652,0.3999999999999999,0.6800000000000002,0.6000000000000001,0.6000000000000001,3,5,1,0,1
880,19,2,3,1.0,0.0,0.08000000000000007,0.3200000000000003,0.56,2,2,0,2,2
881,18,5,3,0.33333333333333304,0.43999999999999995,0.040000000000000036,0.3599999999999999,0.3200000000000003,2,2,0,0,4
882,18,5,3,0.583333333333333,0.2400000000000002,0.3599999999999999,0.0,0.16000000000000014,3,3,1,2,2
883,16,2,4,0.20833333333333304,0.2400000000000002,0.56,0.28000000000000025,0.52,2,0,0,2,1
884,18,5,3,0.0,0.8000000000000003,0.52,0.8399999999999999,0.1200000000000001,3,2,0,1,0
885,16,5,0,0.5,0.52,0.6000000000000001,0.3599999999999999,0.6400000000000001,1,3,0,0,0
886,19,2,1,0.45833333333333304,0.6000000000000001,0.8399999999999999,0.20000000000000018,0.08000000000000007,1,5,0,1,0
887,18,2,0,0.20833333333333304,0.96,0.3999999999999999,0.8799999999999999,0.8000000000000003,1,2,1,0,4
888,20,5,0,0.5416666666666665,0.6000000000000001,0.8799999999999999,1.0,0.9199999999999999,3,2,2,0,4
889,16,2,4,1.0,0.52,0.3999999999999999,0.6400000000000001,0.16000000000000014,0,4,1,0,0
890,16,2,3,0.583333333333333,1.0,0.56,0.3999999999999999,0.96,2,4,0,1,0
891,16,2,4,0.45833333333333304,0.7600000000000002,0.16000000000000014,0.43999999999999995,0.08000000000000007,2,1,0,0,4
892,17,7,0,0.2916666666666665,0.52,0.7200000000000002,0.43999999999999995,0.28000000000000025,3,5,1,1,1
893,17,5,3,0.708333333333333,0.20000000000000018,0.8799999999999999,0.7200000000000002,0.8799999999999999,0,0,2,1,1
894,16,5,1,0.33333333333333304,0.6800000000000002,0.3200000000000003,0.6400000000000001,0.20000000000000018,2,0,1,0,4
895,16,5,3,0.25,0.56,0.1200000000000001,0.8399999999999999,0.7600000000000002,2,5,1,0,0
896,16,5,1,1.0,0.56,0.7200000000000002,0.9199999999999999,0.56,3,4,1,1,0
897,18,0,3,0.375,0.6000000000000001,0.6400000000000001,0.20000000000000018,0.3599999999999999,0,1,0,0,1
898,19,5,0,0.625,0.8000000000000003,0.96,0.20000000000000018,0.20000000000000018,1,4,2,2,2
899,18,2,2,0.6666666666666665,0.7600000000000002,0.0,0.08000000000000007,1.0,3,4,2,1,0
900,16,5,4,0.08333333333333304,0.3200000000000003,0.16000000000000014,0.6800000000000002,0.3599999999999999,3,2,0,2,4
901,18,5,1,0.7916666666666665,0.28000000000000025,0.8399999999999999,0.3200000000000003,0.8799999999999999,3,2,1,2,1
902,16,3,2,1.0,0.20000000000000018,0.52,0.7600000000000002,0.16000000000000014,2,5,1,0,3
903,17,5,3,0.833333333333333,0.0,0.8399999999999999,0.28000000000000025,0.8399999999999999,2,0,0,1,1
904,20,7,1,0.833333333333333,0.16000000000000014,0.9199999999999999,0.43999999999999995,0.3200000000000003,1,0,2,2,1
905,19,2,0,0.2916666666666665,0.1200000000000001,0.7600000000000002,0.040000000000000036,0.2400000000000002,2,2,0,1,2
906,16,5,1,0.7916666666666665,0.6400000000000001,0.040000000000000036,0.28000000000000025,0.20000000000000018,3,4,1,2,2
907,18,2,4,1.0,0.16000000000000014,0.6800000000000002,0.7600000000000002,0.08000000000000007,1,3,0,0,2
908,20,5,2,0.33333333333333304,0.16000000000000014,0.28000000000000025,1.0,0.56,1,5,2,1,0
909,18,5,4,0.5416666666666665,0.0,0.040000000000000036,0.48,0.0,0,2,0,1,5
910,19,2,3,0.08333333333333304,0.3200000000000003,0.3999999999999999,0.8000000000000003,0.7600000000000002,0,5,2,2,2
911,18,2,3,0.375,0.8000000000000003,0.7200000000000002,0.48,0.6400000000000001,0,2,1,0,0
912,18,3,1,0.75,0.0,0.3999999999999999,0.0,0.3999999999999999,1,0,2,0,2
913,17,2,2,0.2916666666666665,0.6400000000000001,0.0,0.8799999999999999,0.7600000000000002,1,2,1,0,2
914,20,5,3,0.375,0.1200000000000001,0.1200000000000001,0.6000000000000001,0.8399999999999999,0,4,1,1,5
915,17,5,4,0.958333333333333,0.6000000000000001,0.43999999999999995,0.48,0.8399999999999999,2,3,0,0,2
916,20,2,3,0.45833333333333304,0.8000000000000003,0.6000000000000001,0.16000000000000014,0.3999999999999999,2,2,2,1,4
917,19,5,4,0.583333333333333,0.8799999999999999,0.52,0.8799999999999999,0.3999999999999999,0,3,2,0,1
918,18,5,3,0.375,0.20000000000000018,0.040000000000000036,0.16000000000000014,0.43999999999999995,0,4,1,2,5
919,18,5,3,0.958333333333333,0.8399999999999999,0.16000000000000014,0.3599999999999999,0.6000000000000001,3,2,0,1,5
920,16,2,3,0.958333333333333,0.3999999999999999,0.8399999999999999,0.3599999999999999,0.2400000000000002,0,2,1,0,4
921,16,5,2,0.6666666666666665,0.3200000000000003,1.0,0.96,0.9199999999999999,2,3,0,0,5
922,18,5,2,0.25,0.16000000000000014,0.43999999999999995,0.3200000000000003,0.6800000000000002,2,4,2,2,0
923,16,2,1,0.9166666666666661,0.28000000000000025,0.7600000000000002,0.0,0.16000000000000014,1,2,2,2,0
924,17,2,2,0.75,0.0,0.43999999999999995,0.6800000000000002,0.9199999999999999,0,0,2,1,1
925,17,2,0,0.708333333333333,0.6000000000000001,0.8399999999999999,0.9199999999999999,1.0,1,1,1,1,0
926,18,2,0,0.125,0.28000000000000025,0.3200000000000003,0.6800000000000002,0.3599999999999999,1,1,2,1,5
927,19,5,2,0.0,0.8799999999999999,0.8000000000000003,0.43999999999999995,0.28000000000000025,0,1,2,0,2
928,16,2,0,0.4166666666666665,0.43999999999999995,0.6000000000000001,0.6400000000000001,0.0,2,2,1,2,3
929,17,2,0,0.08333333333333304,0.56,0.0,0.7200000000000002,0.7200000000000002,2,0,1,1,1
930,17,5,1,0.375,0.96,0.0,0.20000000000000018,0.3599999999999999,1,2,1,1,4
931,20,5,1,0.958333333333333,0.16000000000000014,0.3599999999999999,1.0,0.2400000000000002,0,2,1,1,2
932,16,5,2,0.875,0.8000000000000003,0.8000000000000003,0.28000000000000025,0.6400000000000001,3,2,0,0,5
933,16,2,2,0.20833333333333304,0.8000000000000003,0.3999999999999999,0.52,0.8799999999999999,0,0,1,2,3
934,16,5,1,0.5,0.52,0.6400000000000001,0.96,0.28000000000000025,0,5,2,0,2
935,19,2,0,0.08333333333333304,0.8000000000000003,0.28000000000000025,0.52,0.6400000000000001,0,5,2,2,3
936,17,5,0,0.5416666666666665,0.0,0.7600000000000002,0.08000000000000007,0.6800000000000002,2,5,1,0,4
937,17,2,1,0.375,0.56,0.1200000000000001,0.8399999999999999,0.96,1,4,1,0,6
938,18,2,3,0.2916666666666665,1.0,0.6400000000000001,0.3999999999999999,0.6400000000000001,0,0,2,0,5
939,17,2,0,0.6666666666666665,0.8799999999999999,0.9199999999999999,0.16000000000000014,0.8000000000000003,0,1,1,2,0
940,19,2,1,0.0,0.6400000000000001,0.8799999999999999,0.0,0.28000000000000025,3,4,1,0,4
941,18,2,4,0.583333333333333,1.0,0.8000000000000003,0.8399999999999999,0.96,3,0,2,1,6
942,17,2,2,0.16666666666666652,0.6800000000000002,0.040000000000000036,1.0,0.3599999999999999,3,0,0,1,5
943,19,5,0,0.5416666666666665,0.6400000000000001,0.1200000000000001,0.7600000000000002,0.7200000000000002,0,2,1,2,6
944,20,2,1,0.875,0.43999999999999995,0.8799999999999999,0.08000000000000007,0.3200000000000003,3,5,1,2,0
945,20,5,1,0.6666666666666665,1.0,0.52,0.6400000000000001,0.3999999999999999,2,5,1,1,1
946,17,5,2,0.5,0.2400000000000002,0.48,0.43999999999999995,0.56,3,1,2,1,2
947,19,5,4,0.583333333333333,1.0,0.08000000000000007,0.6000000000000001,0.28000000000000025,3,0,1,2,6
948,19,5,3,0.708333333333333,0.7200000000000002,1.0,0.28000000000000025,0.2400000000000002,0,0,2,0,4
949,18,5,1,0.625,0.6400000000000001,0.43999999999999995,0.6800000000000002,0.040000000000000036,2,0,0,2,4
950,19,5,4,0.16666666666666652,0.2400000000000002,0.52,0.2400000000000002,0.52,2,3,2,2,5
951,20,5,1,0.16666666666666652,0.7200000000000002,0.0,0.3200000000000003,0.6400000000000001,3,0,2,0,4
952,19,2,2,0.5416666666666665,0.040000000000000036,0.7600000000000002,0.16000000000000014,0.43999999999999995,1,2,0,1,5
953,20,4,1,0.2916666666666665,0.7600000000000002,0.2400000000000002,0.3200000000000003,0.8799999999999999,2,3,1,1,2
954,18,2,3,0.2916666666666665,0.16000000000000014,0.6000000000000001,0.0,0.43999999999999995,2,0,1,0,2
955,18,5,2,0.125,0.96,0.0,0.7200000000000002,0.8000000000000003,0,0,2,2,3
956,20,5,1,0.08333333333333304,0.52,0.48,0.3999999999999999,0.040000000000000036,1,5,2,0,4
957,17,2,2,0.958333333333333,0.7200000000000002,0.6800000000000002,0.3200000000000003,0.48,3,2,0,2,6
958,16,5,1,0.4166666666666665,0.3599999999999999,0.43999999999999995,0.8799999999999999,0.08000000000000007,0,3,0,1,0
959,20,2,2,0.375,0.6400000000000001,0.040000000000000036,1.0,0.040000000000000036,3,3,1,0,2
960,17,2,2,0.5,0.3599999999999999,0.52,0.16000000000000014,0.96,2,4,1,2,3
961,18,6,0,0.375,0.8799999999999999,0.56,0.8799999999999999,1.0,0,4,1,1,5
962,16,5,2,0.833333333333333,0.3599999999999999,0.20000000000000018,0.3599999999999999,0.43999999999999995,3,1,1,2,6
963,17,5,3,0.08333333333333304,0.040000000000000036,0.28000000000000025,0.3599999999999999,0.8000000000000003,0,3,0,1,0
964,18,5,0,0.375,0.56,0.6800000000000002,0.0,1.0,1,5,0,0,4
965,20,2,2,0.04166666666666652,0.3599999999999999,0.8000000000000003,0.52,0.2400000000000002,0,2,1,2,0
966,19,6,1,0.4166666666666665,0.52,0.6400000000000001,0.3999999999999999,0.7600000000000002,3,0,2,2,3
967,18,5,2,0.5416666666666665,0.7200000000000002,0.20000000000000018,0.1200000000000001,0.7600000000000002,2,4,1,2,3
968,19,5,2,0.875,0.2400000000000002,0.08000000000000007,0.96,0.48,2,3,2,1,0
969,19,2,0,0.75,1.0,1.0,0.96,0.040000000000000036,0,1,2,1,2
970,18,2,1,0.25,0.2400000000000002,0.0,0.56,0.8399999999999999,0,5,2,1,4
971,18,0,2,0.958333333333333,0.56,0.48,0.52,0.7600000000000002,3,1,2,2,6
972,19,5,3,0.08333333333333304,0.6000000000000001,0.8799999999999999,0.56,0.040000000000000036,0,3,2,1,5
973,16,6,3,0.20833333333333304,1.0,0.6000000000000001,1.0,0.0,0,0,0,0,6
974,19,2,3,0.625,0.3599999999999999,0.20000000000000018,0.43999999999999995,0.2400000000000002,1,0,2,1,4
975,17,5,4,0.7916666666666665,0.08000000000000007,0.08000000000000007,0.28000000000000025,0.96,2,2,1,0,1
976,20,5,0,0.583333333333333,0.9199999999999999,0.43999999999999995,0.48,0.43999999999999995,0,4,1,2,6
977,20,4,0,1.0,0.0,0.7600000000000002,0.7600000000000002,0.6000000000000001,1,0,0,0,4
978,18,5,3,1.0,0.6800000000000002,0.040000000000000036,0.7600000000000002,0.20000000000000018,1,1,1,2,3
979,18,2,2,0.4166666666666665,0.1200000000000001,0.6400000000000001,0.6800000000000002,0.2400000000000002,2,1,0,0,5
980,18,5,3,0.0,0.6000000000000001,0.1200000000000001,0.3200000000000003,0.56,3,2,0,0,5
981,18,5,1,0.08333333333333304,0.16000000000000014,0.08000000000000007,0.0,0.9199999999999999,1,2,1,2,4
982,19,2,4,0.08333333333333304,0.8799999999999999,1.0,0.96,0.2400000000000002,3,2,0,2,3
983,17,2,2,0.04166666666666652,0.8000000000000003,0.8399999999999999,0.48,0.8399999999999999,3,3,0,0,6
984,19,2,1,0.4166666666666665,0.08000000000000007,0.56,0.8799999999999999,0.52,2,0,1,0,3
985,19,2,4,0.625,0.48,0.20000000000000018,0.7200000000000002,0.0,3,1,1,1,4
986,18,2,3,0.45833333333333304,0.96,0.0,0.9199999999999999,0.48,0,4,1,0,1
987,18,2,2,0.875,0.08000000000000007,0.43999999999999995,0.20000000000000018,0.43999999999999995,3,1,0,2,1
988,19,5,1,0.9166666666666661,1.0,0.48,0.6800000000000002,0.6400000000000001,0,0,2,2,6
989,16,2,2,0.833333333333333,0.56,0.43999999999999995,0.3599999999999999,0.9199999999999999,0,0,2,0,3
990,16,2,0,0.0,0.6000000000000001,0.8399999999999999,0.7200000000000002,0.43999999999999995,3,5,2,1,4
991,16,5,2,0.2916666666666665,0.2400000000000002,0.28000000000000025,0.7200000000000002,0.6400000000000001,2,4,1,0,2
992,20,2,2,0.45833333333333304,0.8399999999999999,0.1200000000000001,0.48,0.96,1,4,0,1,4
993,19,2,4,0.5,0.96,0.1200000000000001,0.6400000000000001,1.0,2,3,2,1,6
994,20,2,4,0.20833333333333304,0.8000000000000003,0.8799999999999999,0.6800000000000002,0.52,0,1,0,0,0
995,16,1,4,0.0,0.6000000000000001,0.7600000000000002,0.52,0.2400000000000002,0,5,0,1,5
996,18,5,1,0.20833333333333304,0.16000000000000014,0.28000000000000025,0.28000000000000025,0.28000000000000025,3,2,0,1,0
997,19,5,1,0.958333333333333,0.96,0.20000000000000018,0.6400000000000001,0.96,3,0,0,0,4
998,20,2,3,0.375,0.3599999999999999,0.56,0.3999999999999999,0.7600000000000002,3,4,1,2,1
999,17,5,1,0.625,0.8399999999999999,0.43999999999999995,0.1200000000000001,0.20000000000000018,3,4,1,0,1
1000,19,2,3,0.20833333333333304,0.52,0.16000000000000014,0.52,0.08000000000000007,1,1,2,2,4
